n,lowest2015,highest2015,lowest2019,highest2019,lowestdiff,highestdiff,decile1prop2015,decile1prop2019,decile10prop2015,decile10prop2019,decile1propdiff,decile10propdiff,mean2019,median2019,mean2015,median2015,meandiff,mediandiff
Hammersmith and Fulham,1936,28275,2091,28809,155,534,7.0796,0.885,-999999,-999999,-6.1946902654867255,0,14201.584046791091,13706,13009.229112315204,12754,1192.3549344758867,952
Brentwood,9687,32726,11814,32579,2127,-147,-999999,-999999,34.7826,34.7826,0,0,24786.95921626114,26638,24716.534369089437,26013,70.42484717170373,625
Gedling,1943,32710,1427,32349,-516,-361,1.2987,1.2987,10.3896,14.2857,0,3.8961,20406.20417247852,21301,19857.437475888193,20990,548.7666965903263,311
Torbay,219,29268,198,30108,-21,840,15.7303,15.7303,-999999,1.1236,0,1.1236,11756.180385825654,10261,11575.949175615247,10045,180.23121021040606,216
Woking,6542,32508,5986,32569,-556,61,-999999,-999999,37.7049,26.2295,0,-11.4754,24250.272540009508,26531,24956.167584048624,26836,-705.8950440391163,-305
Mansfield,16,29794,36,30448,20,654,8.9552,14.9254,1.4925,2.9851,5.970149253731343,1.4925,12120.371914216146,8790,12377.555104690797,9796,-257.1831904746505,-1006
Calderdale,252,31556,212,32486,-40,930,14.8438,15.625,3.9062,3.125,0.78125,-0.7812,13139.116382462758,12751,14245.403335720166,14483,-1106.2869532574077,-1732
West Lindsey,149,32189,24,31462,-125,-727,7.6923,7.6923,7.6923,5.7692,0,-1.9231,17120.027679166935,17364,17430.22021833043,17522,-310.1925391634941,-158
Bromsgrove,6499,32422,5909,32627,-590,205,-999999,-999999,29.3103,31.0345,0,1.7241,23442.705231324948,25017,23709.683715417552,24560,-266.97848409260405,457
Bassetlaw,384,28527,1220,28759,836,232,8.5714,7.1429,-999999,-999999,-1.4285714285714288,0,14967.315717287522,15204,15159.204885610434,16406,-191.88916832291216,-1202
Ryedale,10000,30551,10138,30537,138,-14,-999999,-999999,3.3333,3.3333,0,0,18863.28920723018,16504,18790.8733445933,17235,72.41586263688077,-731
Hastings,89,25585,147,23407,58,-2178,30.1887,30.1887,-999999,-999999,0,0,8999.634401818637,8378,9738.520349770324,8993,-738.8859479516868,-615
Chiltern,9588,32823,11359,32844,1771,21,-999999,-999999,54.386,52.6316,0,-1.7544,27852.868891424227,29873,27940.626449641757,30750,-87.75755821753046,-877
Hyndburn,474,28302,241,29136,-233,834,25,26.9231,-999999,-999999,1.9230769230769234,0,9547.477750177874,7361,10497.910599825414,8175,-950.4328496475409,-814
Fareham,7579,32774,7889,32704,310,-70,-999999,-999999,42.4658,34.2466,0,-8.2192,26067.156717195394,28052,26435.870800163117,28602,-368.7140829677228,-550
Wokingham,10474,32844,11194,32839,720,-5,-999999,-999999,65.6566,66.6667,0,1.0101,29193.45968362283,30960,29196.976516471663,31056,-3.516832848832564,-96
Teignbridge,5053,32589,5394,31421,341,-1168,-999999,-999999,7.1429,7.1429,0,0,19158.16852977861,19093,18464.043527198468,18699,694.1250025801419,394
Chorley,2280,32191,2451,32482,171,291,6.0606,4.5455,10.6061,10.6061,-1.5151515151515147,0,19411.294494307247,22058,18911.241706603018,21748,500.05278770422956,310
South Somerset,2659,32539,2923,32046,264,-493,1.9417,0.9709,5.8252,4.8544,-0.9708737864077669,-0.9709,17846.696888405535,17282,18515.446758520844,18821,-668.749870115309,-1539
Derbyshire Dales,2979,31052,3225,31734,246,682,2.3256,2.3256,4.6512,13.9535,0,9.3023,23033.515852299184,24271,22377.337604000397,23278,656.1782482987874,993
Canterbury,3751,30558,2768,32146,-983,1588,-999999,2.2222,5.5556,8.8889,2.2222222222222223,3.3333,19091.74074143665,20052,18753.723613823553,19325,338.0171276130968,727
St Edmundsbury,6406,32282,6558,32262,152,-20,-999999,-999999,6.0606,9.0909,0,3.0303,19448.766020651026,18782,19376.109115596995,18345,72.65690505403109,437
Oadby and Wigston,6661,31902,6709,31582,48,-320,-999999,-999999,13.8889,11.1111,0,-2.7778,22442.626018148043,24726,22081.502522146766,25018,361.1234960012771,-292
North Norfolk,3860,26296,3533,27301,-327,1005,-999999,-999999,-999999,-999999,0,0,14163.351194997955,13798,13859.318478818745,13720,304.0327161792102,78
Boston,1094,25879,2270,27702,1176,1823,2.7778,2.7778,-999999,-999999,0,0,13588.696769445654,10991,12899.660797739376,10683,689.0359717062784,308
Luton,871,28788,1349,29531,478,743,7.438,3.3058,-999999,-999999,-4.132231404958677,0,11980.963095968275,10798,11384.711357685226,9925,596.2517382830483,873
Lincoln,207,30074,309,28958,102,-1116,17.5439,17.5439,1.7544,-999999,0,-1.7544,12829.090549423163,11380,11570.220164499868,9941,1258.8703849232952,1439
Cambridge,5578,32287,4183,32545,-1395,258,-999999,-999999,13.0435,11.5942,0,-1.4493,20262.696830662244,20186,21102.49872558028,21625,-839.8018949180369,-1439
North West Leicestershire,1851,31343,2174,31818,323,475,3.4483,3.4483,8.6207,8.6207,0,0,20700.010834414716,21997,20353.0626263056,20671,346.9482081091155,1326
Lancaster,80,31003,33,31260,-47,257,11.236,14.6067,3.3708,5.618,3.370786516853933,2.2472,15136.6644928156,16017,15602.439829973002,16788,-465.77533715740174,-771
County Durham,190,32457,150,32594,-40,137,11.1111,12.037,4.0123,3.7037,0.9259259259259256,-0.3086,12638.102428036882,10438,13239.284386363282,11421,-601.1819583264005,-983
Stevenage,4216,32010,3929,30444,-287,-1566,-999999,-999999,5.7692,1.9231,0,-3.8462,15490.285173078923,15436,16439.961532111607,16054,-949.6763590326846,-618
Herefordshire  County of,2484,31838,2871,31845,387,7,0.8621,0.8621,2.5862,3.4483,0,0.8621,16460.237171258526,15453,15609.999513334631,14492,850.2376579238953,961
Basildon,515,32638,1353,32498,838,-140,10.9091,10.9091,13.6364,13.6364,0,0,15100.397134393326,12571,15140.808578034157,11291,-40.41144364083084,1280
North Warwickshire,3225,30222,1888,28227,-1337,-1995,2.6316,2.6316,2.6316,-999999,0,-2.6316,17470.114809208953,17883,18487.45655948553,19112,-1017.3417502765769,-1229
Hambleton,8014,32485,8652,32792,638,307,-999999,-999999,13.4615,21.1538,0,7.6923,22742.547549792394,22447,21825.740119934337,23175,916.8074298580577,-728
Rutland,14381,31269,14267,32120,-114,851,-999999,-999999,13.0435,39.1304,0,26.087,26538.198564086262,28296,24887.877909870058,25768,1650.3206542162043,2528
Thurrock,1716,29137,1553,29837,-163,700,4.0816,4.0816,-999999,1.0204,0,1.0204,15469.309395326427,13570,15012.580080610282,12878,456.7293147161454,692
New Forest,3243,32563,3743,32564,500,1,0.8772,-999999,20.1754,20.1754,-0.8771929824561403,0,22062.709909357134,23908,22372.28638757033,22819,-309.5764782131955,1089
Uttlesford,13775,32783,15984,32811,2209,28,-999999,-999999,15.2174,17.3913,0,2.1739,25458.539592746904,25834,24748.754436923078,25089,709.7851558238253,745
Braintree,4783,31722,5570,32004,787,282,-999999,-999999,8.046,9.1954,0,1.1494,20128.853278416263,19672,19392.18517495148,18163,736.6681034647845,1509
Sunderland,166,30357,167,31678,1,1321,19.4595,22.7027,1.0811,0.5405,3.2432432432432456,-0.5405,10851.074599097587,8648,11316.729530758714,9510,-465.6549316611272,-862
Gloucester,360,31598,621,31496,261,-102,12.8205,11.5385,12.8205,6.4103,-1.282051282051281,-6.4103,16537.92182843303,17806,16578.409325752476,16903,-40.48749731944554,903
South Bucks,14017,32624,13707,32641,-310,17,-999999,-999999,30,30,0,0,25201.46735538979,25372,25160.93031808408,26564,40.53703730570851,-1192
King s Lynn and West Norfolk,962,31180,1137,30752,175,-428,7.8652,7.8652,1.1236,2.2472,0,1.1236,13351.54101850444,13211,13681.004777027209,13102,-329.46375852276833,109
Shropshire,1779,32336,1622,32709,-157,373,0.5181,1.0363,5.6995,5.1813,0.5181347150259068,-0.5181,17982.803541453362,17031,18219.14840936521,17824,-236.34486791184827,-793
Worthing,3467,31147,3779,31735,312,588,-999999,-999999,13.8462,12.3077,0,-1.5385,18562.53080708752,17893,18120.379146515745,17533,442.15166057177703,360
Rochdale,33,28900,31,27564,-2,-1336,28.3582,29.8507,-999999,-999999,1.492537313432834,0,9430.785376344085,7068,10065.830843537478,7613,-635.045467193393,-545
Wychavon,3269,32173,3603,31934,334,-239,1.2821,-999999,10.2564,10.2564,-1.282051282051282,0,19344.57649477047,19478,18997.047383569483,18273,347.52911120098724,1205
Weymouth and Portland,1564,31545,1142,30118,-422,-1427,10.5263,15.7895,5.2632,5.2632,5.2631578947368425,0,13522.701892501003,11540,14452.627003217644,12361,-929.9251107166401,-821
Wandsworth,3115,31765,4700,31858,1585,93,0.5587,-999999,2.7933,5.0279,-0.5586592178770949,2.2346,18532.82183127527,18676,17070.28327465475,16697,1462.5385566205186,1979
Doncaster,118,31774,55,31979,-63,205,20.6186,23.7113,1.0309,1.5464,3.092783505154639,0.5155,11231.718727509227,8886,11777.247820527336,9920,-545.529093018109,-1034
Richmondshire,5380,31570,7731,31762,2351,192,-999999,-999999,2.9412,2.9412,0,0,22483.271226101017,23777,20997.621989431722,20883,1485.6492366692946,2894
Craven,5801,32366,5522,31776,-279,-590,-999999,-999999,12.5,12.5,0,0,21995.540232149895,21783,22117.700903402638,22901,-122.16067125274276,-1118
Central Bedfordshire,3668,32765,4420,32643,752,-122,-999999,-999999,24.8408,20.3822,0,-4.4586,23021.96995826313,25006,22936.236862856724,25206,85.73309540640548,-200
Chesterfield,291,32673,499,32639,208,-34,8.6957,8.6957,4.3478,5.7971,0,1.4493,13684.31899332778,12235,13469.36876336937,11602,214.950229958411,633
East Lindsey,541,26874,261,27143,-280,269,14.8148,16.0494,-999999,-999999,1.2345679012345698,0,10666.048360228293,9610,10971.127522035784,10880,-305.0791618074909,-1270
West Dorset,6420,32694,6009,32444,-411,-250,-999999,-999999,3.4483,3.4483,0,0,18891.495305978806,18898,20010.04874515918,20766,-1118.553439180374,-1868
East Hampshire,9517,32744,8576,32749,-941,5,-999999,-999999,31.9444,20.8333,0,-11.1111,24608.424402244425,26333,26125.800687285224,27269,-1517.3762850407984,-936
Dacorum,6009,32839,5254,32830,-755,-9,-999999,-999999,26.5957,25.5319,0,-1.0638,22009.849589948237,22194,22578.27802543191,22482,-568.4284354836745,-288
Tendring,1,29254,1,29459,0,205,15.7303,17.9775,-999999,-999999,2.247191011235957,0,10761.880873122223,10792,11818.732487254583,11386,-1056.8516141323598,-594
Guildford,5726,32591,6441,32757,715,166,-999999,-999999,38.0952,42.8571,0,4.7619,25647.624927484183,27815,25507.115564701748,28416,140.50936278243535,-601
Malvern Hills,1609,29487,1777,30237,168,750,2.2222,2.2222,-999999,2.2222,0,2.2222,19203.607728275718,19397,18932.512523339556,18178,271.0952049361622,1219
Bromley,1663,32700,2534,32559,871,-141,3.0457,0.5076,17.7665,17.7665,-2.5380710659898478,0,21547.551332142648,24111,20821.613060286083,22670,725.9382718565648,1441
Tower Hamlets,1088,27612,2763,30144,1675,2532,23.6111,1.3889,-999999,0.6944,-22.22222222222222,0.6944,10337.951308248363,8684,7358.600939913233,5204,2979.35036833513,3480
Portsmouth,58,30960,192,31332,134,372,12.8,12,1.6,1.6,-0.8,0,12184.31026703018,11994,12259.607508747138,11873,-75.29724171695852,121
Derby,128,31739,563,32465,435,726,18.543,15.894,11.2583,13.9073,-2.649006622516554,2.649,13891.226532742492,12038,13463.526368091696,10419,427.70016465079607,1619
Poole,3859,32680,2697,32620,-1162,-60,-999999,1.0753,16.129,15.0538,1.0752688172043012,-1.0753,19987.99394020199,20242,20081.38029135686,19847,-93.38635115486977,395
Barnet,2575,31888,2878,31544,303,-344,0.9479,0.4739,3.3175,4.2654,-0.47393364928909953,0.9479,19041.64337157913,19861,17609.746026992274,18051,1431.8973445868578,1810
North Tyneside,381,32617,286,32782,-95,165,6.8702,9.1603,13.7405,13.7405,2.2900763358778615,0,16019.945482796893,13897,16447.01555751914,14267,-427.0700747222454,-370
Sedgemoor,1671,31639,1133,30795,-538,-844,4.2857,5.7143,4.2857,5.7143,1.4285714285714288,1.4286,15648.411782821851,15810,16879.908478431305,18088,-1231.496695609454,-2278
Forest Heath,5477,27276,6625,27013,1148,-263,-999999,-999999,-999999,-999999,0,0,17254.949667064513,17431,16583.874224088253,16867,671.0754429762601,564
Northampton,180,32298,185,32069,5,-229,12.0301,9.0226,4.5113,4.5113,-3.007518796992482,0,14759.385940596741,13565,14671.294170558243,13847,88.091770038498,-282
Birmingham,38,32026,45,31954,7,-72,39.5931,41.3146,1.7214,1.252,1.7214397496087628,-0.4695,7525.456825241278,4302,7889.9095812197365,4748,-364.4527559784583,-446
Stockport,47,32733,58,32508,11,-225,8.9474,8.9474,16.3158,13.6842,0,-2.6316,17444.34507875587,18451,18479.763879153354,19240,-1035.418800397485,-789
Newcastle upon Tyne,45,32779,32,32714,-13,-65,22.2857,25.7143,11.4286,9.7143,3.428571428571427,-1.7143,13072.305161574335,11431,13851.693646837226,12898,-779.3884852628908,-1467
Warrington,994,31803,1083,31885,89,82,9.4488,7.874,11.811,14.1732,-1.5748031496062982,2.3622,18567.07615781775,20932,18433.804519785175,20204,133.27163803257645,728
South Lakeland,10329,31219,10637,32127,308,908,-999999,-999999,11.8644,10.1695,0,-1.6949,22062.78385175763,22759,22121.092757097427,22479,-58.30890533979618,280
Richmond upon Thames,5864,32337,5206,32410,-658,73,-999999,-999999,17.3913,28.6957,0,11.3043,25685.811697677775,27732,24735.06053556795,26809,950.7511621098238,923
Reading,2947,32502,2251,32357,-696,-145,2.0619,5.1546,12.3711,12.3711,3.092783505154639,0,16719.259274834418,15379,16715.959554726258,15338,3.2997201081598178,41
North East Derbyshire,2902,32561,2361,32251,-541,-310,1.5873,4.7619,14.2857,12.6984,3.174603174603175,-1.5873,18733.88851205587,19603,18935.424757110497,19351,-201.53624505462722,252
Ipswich,1224,29997,1496,30845,272,848,14.1176,14.1176,2.3529,1.1765,0,-1.1765,12978.102415501038,11902,12976.732906459625,12159,1.369509041413039,-257
Swale,46,31008,48,31022,2,14,16.4706,18.8235,4.7059,2.3529,2.3529411764705905,-2.3529,12849.093042898106,12696,13624.610135921186,14096,-775.5170930230797,-1400
City of London,10285,29111,8678,30379,-1607,1268,-999999,-999999,-999999,16.6667,0,16.6667,20424.482727680574,18089,21075.987901104683,20497,-651.5051734241097,-2408
Norwich,1141,32353,1209,32220,68,-133,20.4819,20.4819,7.2289,8.4337,0,1.2048,12470.158309793698,10498,11737.907448619906,8641,732.2508611737921,1857
Liverpool,24,32090,10,31562,-14,-528,44.9664,48.6577,0.3356,0.3356,3.6912751677852356,0,7011.429908509703,3495,7383.791113094234,4306,-372.36120458453115,-811
Mid Sussex,8057,32820,8380,32842,323,22,-999999,-999999,44.186,46.5116,0,2.3256,27278.264617829813,29053,27155.326631813095,28578,122.93798601671733,475
Maldon,7638,29567,8767,31166,1129,1599,-999999,-999999,2.5,10,0,7.5,20455.71194129632,20754,19955.7589876934,21038,499.95295360291857,-284
Darlington,170,31165,126,31720,-44,555,15.3846,18.4615,9.2308,9.2308,3.0769230769230784,0,14560.369695654636,13268,15421.681818181818,14720,-861.3121225271825,-1452
Stoke on Trent,130,30613,445,29872,315,-741,30.1887,32.0755,1.2579,1.2579,1.8867924528301856,0,9047.951173007714,5879,9379.663013249141,6206,-331.7118402414271,-327
Gateshead,501,31953,375,30819,-126,-1134,11.9048,16.6667,6.3492,3.9683,4.761904761904761,-2.381,12013.815698677401,9479,13201.112518923024,10847,-1187.2968202456232,-1368
Wirral,36,32724,19,32247,-17,-477,21.3592,25.2427,8.7379,6.3107,3.88349514563107,-2.4272,13259.211843332298,12344,14549.894634776987,14552,-1290.6827914446894,-2208
North Kesteven,8924,32365,8868,32520,-56,155,-999999,-999999,14.0625,15.625,0,1.5625,23381.007273634856,25435,23089.456696228368,24777,291.5505774064877,658
West Lancashire,327,31761,658,32308,331,547,8.2192,8.2192,8.2192,13.6986,0,5.4795,18773.669529346917,20421,17821.42287130944,19001,952.2466580374748,1420
Forest of Dean,4540,28401,2729,26118,-1811,-2283,-999999,2,-999999,-999999,2,0,16875.101057037456,17484,17538.99744956546,18265,-663.8963925280041,-781
Plymouth,154,30221,163,31190,9,969,16.7702,17.3913,2.4845,1.2422,0.6211180124223574,-1.2422,12985.410963096723,11586,13243.876671343198,12431,-258.4657082464746,-845
Havering,2537,32568,2185,32563,-352,-5,0.6667,0.6667,5.3333,7.3333,0,2,18809.00380952381,19097,17854.06502650866,17869,954.93878301515,1228
Cheshire East,1474,32831,1255,32784,-219,-47,2.5641,1.7094,26.9231,28.2051,-0.8547008547008543,1.2821,21464.276955816513,23395,21747.800570558942,24577,-283.52361474242934,-1182
Blaby,10658,31957,10484,31524,-174,-433,-999999,-999999,18.3333,20,0,1.6667,24106.36309337995,24066,24115.33428237544,24279,-8.971188995488774,-213
Ealing,1641,29215,2075,29992,434,777,4.0816,2.0408,-999999,0.5102,-2.0408163265306123,0.5102,13853.30318776595,12636,13540.945941979211,12325,312.35724578673944,311
Camden,1468,28585,4006,31192,2538,2607,5.2632,-999999,-999999,6.015,-5.263157894736842,6.015,16081.721264615297,14830,12928.097109734088,11476,3153.6241548812086,3354
Newham,1218,23575,2519,25889,1301,2314,7.9268,2.439,-999999,-999999,-5.487804878048781,0,8706.297331778953,8697,7484.96806586773,7485,1221.329265911223,1212
Cannock Chase,1694,30687,2398,30839,704,152,3.3333,3.3333,1.6667,3.3333,0,1.6667,15946.248197786577,15319,15650.468889115786,14297,295.7793086707916,1022
Torridge,3424,26257,3767,26139,343,-118,-999999,-999999,-999999,-999999,0,0,12758.041108698275,11962,12900.501521399998,11811,-142.46041270172282,151
Kettering,977,31875,748,32071,-229,196,7.0175,7.0175,10.5263,7.0175,0,-3.5088,17766.45815275857,19111,17943.5653251231,18553,-177.10717236453274,558
Tunbridge Wells,5723,32788,5503,32767,-220,-21,-999999,-999999,17.6471,23.5294,0,5.8824,23549.860449361116,23851,23668.204250489507,24115,-118.34380112839062,-264
Hart,16949,32841,16481,32829,-468,-12,-999999,-999999,73.6842,66.6667,0,-7.0175,29560.926203718416,30810,29869.340075085176,31363,-308.41387136675985,-553
South Derbyshire,4756,32390,4492,32100,-264,-290,-999999,-999999,15.5172,13.7931,0,-1.7241,20787.912549407116,22175,21388.734980893314,23353,-600.8224314861982,-1178
Harrogate,2283,32817,2060,32843,-223,26,0.9615,0.9615,27.8846,28.8462,0,0.9615,23926.32634007854,23448,24251.53738730219,23984,-325.2110472236491,-536
Southampton,287,29407,388,29743,101,336,12.8378,12.8378,-999999,0.6757,0,0.6757,12058.298544222,10784,12118.056756102043,11248,-59.758211880043746,-464
Trafford,679,32769,490,32534,-189,-235,2.8986,5.0725,21.7391,22.4638,2.173913043478261,0.7246,20432.845644382443,22793,20854.055763220786,23972,-421.21011883834217,-1179
Bolton,201,31647,65,31328,-136,-319,20.339,23.7288,7.3446,4.5198,3.3898305084745743,-2.8249,11709.575166413557,8023,12816.828947179767,9727,-1107.2537807662102,-1704
Basingstoke and Deane,7026,32649,6117,32813,-909,164,-999999,-999999,30.2752,24.7706,0,-5.5046,22317.44904783756,23945,23424.83971095418,25669,-1107.390663116621,-1724
Milton Keynes,752,32657,628,32338,-124,-319,5.9211,5.2632,7.8947,6.5789,-0.6578947368421053,-1.3158,18493.99354330589,20228,18589.562231129454,20793,-95.56868782356469,-565
Wyre,239,30513,96,29330,-143,-1183,13.0435,14.4928,1.4493,-999999,1.4492753623188417,-1.4493,17235.750360579117,18623,17903.358433204496,19244,-667.6080726253786,-621
Scarborough,313,31876,243,30526,-70,-1350,12.6761,12.6761,1.4085,1.4085,0,0,13089.349286236342,12826,13803.745065910598,13490,-714.3957796742561,-664
Leeds,22,32653,38,32664,16,11,21.7842,23.6515,8.5062,6.8465,1.867219917012445,-1.6598,13935.756498936978,14276,14382.561704918726,14412,-446.80520598174735,-136
East Staffordshire,2486,31867,2660,32107,174,240,1.3889,4.1667,9.7222,13.8889,2.7777777777777772,4.1667,17556.705058811283,18253,17778.72007153933,18899,-222.0150127280467,-646
Tandridge,12105,32577,10469,31736,-1636,-841,-999999,-999999,14,14,0,0,22817.36853132202,24853,23845.285113450347,24143,-1027.9165821283277,710
West Somerset,7162,17899,6884,18357,-278,458,-999999,-999999,-999999,-999999,0,0,11715.106900747436,11690,12213.242454932146,12887,-498.1355541847097,-1197
Colchester,1912,32371,1927,32817,15,446,3.8095,0.9524,8.5714,7.619,-2.857142857142857,-0.9524,18888.965405914038,19398,18812.441604927048,19378,76.52380098698995,20
Stratford on Avon,11322,32750,9586,32825,-1736,75,-999999,-999999,10.9589,10.9589,0,0,22833.247790718568,23072,22898.38738409992,23515,-65.139593381351,-443
Wolverhampton,206,29844,340,29582,134,-262,25.9494,20.8861,0.6329,0.6329,-5.063291139240505,0,9570.049218756125,6045,9551.540012750527,5967,18.50920600559766,78
Kingston upon Hull  City of,12,26752,21,28611,9,1859,45.1807,45.1807,-999999,-999999,0,0,7622.248920701602,4586,7534.742841338906,5086,87.50607936269625,-500
Copeland,238,29983,451,31326,213,1343,12.2449,6.1224,2.0408,4.0816,-6.122448979591836,2.0408,13294.204197341587,12070,12811.840496602345,11846,482.36370073924263,224
Lewisham,1483,27504,2371,26075,888,-1429,4.7337,2.9586,-999999,-999999,-1.775147928994083,0,10885.754446625242,9904,10149.914066828624,9489,735.8403797966184,415
Peterborough,1070,29749,803,29474,-267,-275,16.0714,14.2857,0.8929,-999999,-1.7857142857142883,-0.8929,11986.088163481129,10133,12324.030458109337,10353,-337.9422946282084,-220
Waveney,10,31465,25,30714,15,-751,12.3288,13.6986,4.1096,2.7397,1.3698630136986303,-1.3699,13509.112320455246,13090,13956.206442878467,13392,-447.09412242322105,-302
Broxtowe,3852,32246,3595,32653,-257,407,-999999,-999999,16.9014,15.493,0,-1.4085,21145.280175612723,21871,20795.228801618556,21008,350.0513739941671,863
Enfield,1321,30341,1643,29825,322,-516,10.929,5.4645,2.1858,0.5464,-5.46448087431694,-1.6393,12426.353962730198,9903,12073.60976970377,9821,352.74419302642855,82
Mid Devon,7267,31757,7072,32229,-195,472,-999999,-999999,4.6512,2.3256,0,-2.3256,17807.26157925159,16404,17548.370370843175,17595,258.89120840841497,-1191
Harborough,8605,32776,9690,32774,1085,-2,-999999,-999999,34.0426,38.2979,0,4.2553,26892.558095367294,26322,26353.06597894835,26425,539.4921164189436,-103
South Oxfordshire,9210,32740,12149,32806,2939,66,-999999,-999999,41.573,40.4494,0,-1.1236,26435.084051911854,28203,26157.922459972182,27922,277.1615919396718,281
North Dorset,12597,31549,11083,30654,-1514,-895,-999999,-999999,2.7027,2.7027,0,0,19491.48024862075,17578,20210.902124386917,19213,-719.4218757661656,-1635
East Riding of Yorkshire,85,32762,44,32721,-41,-41,6.1905,6.1905,20.4762,20,0,-0.4762,20749.916923837667,22100,20475.783535674596,21309,274.1333881630708,791
Rother,1064,29766,754,28840,-310,-926,1.7241,3.4483,1.7241,-999999,1.7241379310344827,-1.7241,16278.76492617392,15572,17072.240470753557,17181,-793.4755445796363,-1609
South Cambridgeshire,13457,32785,8852,32840,-4605,55,-999999,-999999,39.5833,34.375,0,-5.2083,26324.970288954482,27110,26527.112571821963,26876,-202.1422828674804,234
Crawley,4214,31897,3234,31711,-980,-186,-999999,1.5152,4.5455,4.5455,1.5151515151515151,0,16365.265423358915,13874,17231.201085852525,15699,-865.9356624936099,-1825
Bristol  City of,65,32150,91,31994,26,-156,15.9696,15.5894,4.1825,6.0837,-0.3802281368821294,1.9011,13423.28815910988,11704,13085.208537505148,11110,338.0796216047311,594
West Berkshire,4476,32620,5633,32815,1157,195,-999999,-999999,23.7113,25.7732,0,2.0619,24870.65913882891,25606,24396.73670106029,25355,473.9224377686187,251
Surrey Heath,8214,32824,10201,32787,1987,-37,-999999,-999999,52.7273,47.2727,0,-5.4545,26985.711447654376,29041,27147.046738953773,29669,-161.3352912993978,-628
Corby,362,30451,440,28752,78,-1699,9.7561,9.7561,2.439,-999999,0,-2.439,12961.959603510399,9831,12981.61119655003,11958,-19.651593039630825,-2127
Elmbridge,8596,32576,8212,32727,-384,151,-999999,-999999,51.8519,50.6173,0,-1.2346,27210.109484630495,29646,27410.021344059856,29596,-199.91185942936136,50
Broxbourne,4399,31703,4306,31434,-93,-269,-999999,-999999,5.3571,1.7857,0,-3.5714,17430.913478211212,17802,18051.96236917574,17892,-621.0488909645283,-90
Slough,4090,27121,3863,23960,-227,-3161,-999999,-999999,-999999,-999999,0,0,13056.741902792424,11955,13160.63848193009,12525,-103.89657913766496,-570
Westminster,641,26187,1850,31583,1209,5396,14.0625,2.3438,-999999,3.125,-11.71875,3.125,16271.178380739939,15991,11540.566390300994,11612,4730.611990438945,4379
Tameside,299,31954,237,31662,-62,-292,17.0213,20.5674,1.4184,0.7092,3.546099290780141,-0.7092,10070.69622630436,8012,11159.612342842613,9152,-1088.916116538252,-1140
South Northamptonshire,14788,32767,15075,32751,287,-16,-999999,-999999,29.4118,41.1765,0,11.7647,27326.577716427626,27936,26850.50337000579,27882,476.0743464218358,54
Cotswold,10087,32294,11419,32483,1332,189,-999999,-999999,15.6863,15.6863,0,0,23496.106875672136,23045,23101.335559225485,22545,394.7713164466513,500
Melton,7542,31872,8876,32143,1334,271,-999999,-999999,23.3333,20,0,-3.3333,22406.96188868828,23423,21615.26253693126,21871,791.6993517570227,1552
Tonbridge and Malling,5523,32275,4333,32715,-1190,440,-999999,-999999,27.7778,22.2222,0,-5.5556,21839.394143696485,21962,23470.697806614608,24592,-1631.3036629181224,-2630
Wyre Forest,175,30942,148,31501,-27,559,7.6923,6.1538,1.5385,3.0769,-1.5384615384615383,1.5385,15357.932579644374,15183,15530.025470563045,14852,-172.0928909186714,331
South Hams,8003,32540,9296,32466,1293,-74,-999999,-999999,10.2041,10.2041,0,0,20787.927125792237,19328,20207.181190712585,18887,580.7459350796526,441
Sefton,112,32139,54,31393,-58,-746,20.1058,20.1058,5.291,3.7037,0,-1.5873,13858.298567312222,14028,14441.061440538464,15411,-582.7628732262419,-1383
Coventry,8,32260,94,32380,86,120,18.4615,14.359,2.5641,4.6154,-4.102564102564106,2.0513,13412.924464401896,12453,12546.552387259695,11382,866.3720771422013,1071
South Norfolk,9184,32225,10067,31977,883,-248,-999999,-999999,7.4074,9.8765,0,2.4691,21273.9618670874,21597,21314.715680515645,21921,-40.75381342824403,-324
Broadland,11955,32272,11986,32406,31,134,-999999,-999999,16.6667,13.0952,0,-3.5714,22805.10458357683,23473,23313.220372958513,24108,-508.1157893816817,-635
Welwyn Hatfield,7440,32758,6540,32657,-900,-101,-999999,-999999,17.9104,17.9104,0,0,20641.870627589487,19963,21598.56234046731,20301,-956.6917128778223,-338
Merton,4546,32296,4161,31737,-385,-559,-999999,-999999,12.9032,17.7419,0,4.8387,20620.3734226689,21283,20247.93604648288,20541,372.43737618602245,742
Hinckley and Bosworth,5642,32138,4583,32327,-1059,189,-999999,-999999,19.697,15.1515,0,-4.5455,21602.91255306023,23086,22034.829988872752,23161,-431.91743581252376,-75
Bury,156,32688,50,32455,-106,-233,10,10,7.5,7.5,0,0,15032.563342705604,14392,16108.012089216376,16197,-1075.4487465107723,-1805
Reigate and Banstead,6373,32559,4800,32447,-1573,-112,-999999,-999999,32.5581,25.5814,0,-6.9767,23779.798347615357,25559,24409.068741324627,26127,-629.2703937092701,-568
Suffolk Coastal,4064,32610,3303,32587,-761,-23,-999999,-999999,19.1781,17.8082,0,-1.3699,21329.87699228078,20759,21666.470970554754,21479,-336.59397827397333,-720
Fenland,2011,23884,1758,24935,-253,1051,7.2727,7.2727,-999999,-999999,0,0,11951.13371490149,10930,12129.27552355336,11627,-178.14180865186972,-697
Cheltenham,2101,32768,2178,32823,77,55,4,2.6667,26.6667,28,-1.333333333333333,1.3333,21844.117958350485,25247,21187.76812543074,24972,656.3498329197464,275
Dartford,1951,31725,2133,30861,182,-864,5.1724,1.7241,12.069,6.8966,-3.4482758620689657,-5.1724,17035.812790371965,16136,18011.16184556297,18491,-975.3490551910036,-2355
Brighton and Hove,331,31646,294,31899,-37,253,10.303,9.0909,3.0303,6.0606,-1.212121212121211,3.0303,16635.962544838825,17597,14687.016365561607,14013,1948.946179277218,3584
Christchurch,5886,30611,4649,31363,-1237,752,-999999,-999999,13.3333,23.3333,0,10,22780.33777001077,24468,22417.882843270054,22389,362.4549267407165,2079
Fylde,2259,31769,2042,31904,-217,135,1.9608,3.9216,13.7255,9.8039,1.9607843137254901,-3.9216,19765.508412430114,20378,20795.062039149117,21120,-1029.5536267190037,-742
Spelthorne,7683,32156,6666,30917,-1017,-1239,-999999,-999999,10,6.6667,0,-3.3333,19948.68190245294,19998,21439.88647455625,21611,-1491.20457210331,-1613
Bedford,900,31845,1387,31617,487,-228,4.8544,3.8835,10.6796,8.7379,-0.970873786407767,-1.9417,17553.952039754302,18256,17476.32836130492,19129,77.62367844938126,-873
Warwick,2841,32714,3287,32605,446,-109,1.1628,-999999,26.7442,19.7674,-1.1627906976744187,-6.9767,22984.176373179354,24456,23145.882162435082,24094,-161.70578925572772,362
Bexley,3946,32286,3591,32132,-355,-154,-999999,-999999,9.589,8.9041,0,-0.6849,19315.288526199838,20054,19339.780203268863,20629,-24.491677069025172,-575
Sheffield,53,32816,107,32747,54,-69,23.4783,23.7681,10.1449,9.8551,0.28985507246376585,-0.2899,14102.280756249813,13758,13901.194100275932,12949,201.08665597388062,809
Eastleigh,6260,32822,6197,32814,-63,-8,-999999,-999999,37.6623,33.7662,0,-3.8961,24822.441101901888,26616,24795.39992426872,27273,27.041177633167536,-657
St Albans,11737,32832,9268,32822,-2469,-10,-999999,-999999,48.2759,43.6782,0,-4.5977,26597.247441650477,28912,27017.14795030268,29152,-419.9005086522011,-240
Rugby,5627,32135,5718,31987,91,-148,-999999,-999999,19.6721,16.3934,0,-3.2787,21043.674500981284,21511,21802.36504848587,22106,-758.690547504586,-595
South Gloucestershire,4411,32732,4858,32711,447,-21,-999999,-999999,30.303,30.9091,0,0.6061,23249.36665201143,24052,23340.237323715413,24598,-90.87067170398223,-546
North Somerset,120,32815,156,32773,36,-42,6.6667,5.9259,15.5556,18.5185,-0.7407407407407405,2.963,21033.434588765416,22806,20993.63458668689,23493,39.80000207852572,-687
Erewash,249,32035,227,32049,-22,14,5.4795,5.4795,8.2192,15.0685,0,6.8493,18151.40056154302,19362,17153.60116657359,18383,997.7993949694319,979
Manchester,32,27859,49,26894,17,-965,40.7801,43.2624,-999999,-999999,2.4822695035461066,0,6427.246171228192,4338,6478.18431209583,4532,-50.93814086763814,-194
Redbridge,3189,31592,4305,31809,1116,217,0.6211,-999999,3.1056,3.7267,-0.6211180124223602,0.6211,17762.383001933355,17540,15349.498171226596,14746,2412.8848307067583,2794
Leicester,161,29385,172,30561,11,1176,23.9583,20.3125,-999999,0.5208,-3.6458333333333357,0.5208,9987.043565997412,8891,9074.742469125375,7596,912.3010968720373,1295
Sevenoaks,3820,32431,4465,32731,645,300,-999999,-999999,24.3243,25.6757,0,1.3514,22519.595963271695,23310,23252.897414089348,24067,-733.301450817653,-757
Brent,1159,26424,1192,25260,33,-1164,8.0925,5.7803,-999999,-999999,-2.3121387283237,0,11761.983746749815,11819,11325.0691730757,11638,436.91457367411385,181
Isles of Scilly,21789,21789,22165,22165,376,376,-999999,-999999,-999999,-999999,0,0,22165,22165,21789,21789,376,376
Breckland,2208,27112,2938,27789,730,677,1.2821,1.2821,-999999,-999999,0,0,16010.976251418906,16045,15774.246823166448,16484,236.7294282524581,-439
Rushmoor,4452,32721,3693,32837,-759,116,-999999,-999999,17.2414,13.7931,0,-3.4483,19615.149076350797,20187,19965.257541899442,20226,-350.10846554864474,-39
Rushcliffe,10429,32840,10126,32826,-303,-14,-999999,-999999,50,50,0,0,27755.262399746727,29376,26972.679226896216,28517,782.5831728505109,859
Carlisle,780,31367,1110,32375,330,1008,7.3529,5.8824,5.8824,7.3529,-1.4705882352941186,1.4706,15382.003598220315,13776,15102.760319401215,13957,279.24327881909994,-181
Redditch,1024,30806,1286,30874,262,68,7.2727,9.0909,10.9091,5.4545,1.8181818181818192,-5.4545,15501.702726919042,14814,16415.066430542887,16775,-913.3637036238451,-1961
Three Rivers,3268,32838,4265,32835,997,-3,1.8868,-999999,41.5094,41.5094,-1.8867924528301887,0,25102.802564353955,27480,24935.088523777886,26915,167.71404057606924,565
Cherwell,4701,32715,3328,32250,-1373,-465,-999999,-999999,16.129,9.6774,0,-6.4516,20965.427396314954,21714,22349.291351769756,22427,-1383.8639554548026,-713
Dover,1358,31168,994,31698,-364,530,5.9701,7.4627,1.4925,1.4925,1.4925373134328357,0,14929.654787299685,14833,15223.627477296113,15345,-293.972689996428,-512
Northumberland,605,32356,133,32495,-472,139,7.1066,11.6751,10.6599,9.6447,4.568527918781726,-1.0152,16066.728827322817,15887,16814.006032167326,16205,-747.2772048445095,-318
Wellingborough,1379,31261,1736,30757,357,-504,8.5106,6.383,6.383,6.383,-2.127659574468085,0,15787.927302874465,14050,16118.973936972456,18426,-331.04663409799105,-4376
Sandwell,311,26601,146,24740,-165,-1861,22.5806,19.8925,-999999,-999999,-2.688172043010752,0,7568.509233753576,5888,7933.841261275153,6167,-365.3320275215765,-279
Gravesham,1876,31315,2278,30869,402,-446,9.375,3.125,3.125,3.125,-6.25,0,15551.226344416591,14937,15582.406932388774,15405,-31.180587972183275,-468
Swindon,1049,32538,701,32290,-348,-248,6.0606,9.0909,6.8182,9.0909,3.030303030303031,2.2727,18462.467488418268,20619,18933.83347645965,22369,-471.3659880413834,-1750
Knowsley,69,23824,56,23844,-13,20,45.9184,46.9388,-999999,-999999,1.0204081632653015,0,6645.254464831389,4117,7245.632482732157,4674,-600.3780179007681,-557
Croydon,1145,31178,1096,31701,-49,523,2.7273,2.2727,3.1818,3.1818,-0.45454545454545414,0,14473.77182361144,13421,13836.55598206492,12480,637.2158415465201,941
Wiltshire,1942,32751,2484,32418,542,-333,0.3509,0.3509,11.2281,11.9298,0,0.7018,21579.472512115408,22452,21431.341461776166,22300,148.13105033924148,152
Mole Valley,8467,32833,6862,32796,-1605,-37,-999999,-999999,40.7407,35.1852,0,-5.5556,25397.07724941939,27754,25747.34933485544,26902,-350.27208543604866,852
North Hertfordshire,5822,32798,5132,32824,-690,26,-999999,-999999,29.2683,26.8293,0,-2.439,23414.246529545402,24835,23169.135593484287,23488,245.11093606111535,1347
Newcastle under Lyme,562,32713,1747,32345,1185,-368,3.75,2.5,7.5,5,-1.25,-2.5,17318.900081189946,18409,17756.3272106488,18543,-437.4271294588543,-134
Chichester,8914,32720,8013,32698,-901,-22,-999999,-999999,8.4507,9.8592,0,1.4085,20526.00675813353,20239,21402.974292924442,21061,-876.9675347909106,-822
Great Yarmouth,20,27526,39,26682,19,-844,26.2295,24.5902,-999999,-999999,-1.639344262295083,0,10077.870668762358,8919,10636.88093676335,10289,-559.0102680009913,-1370
Ashford,3285,30064,2474,29803,-811,-261,-999999,1.2821,1.2821,1.2821,1.282051282051282,0,17360.37310051835,17929,18161.938168104167,18618,-801.565067585816,-689
Charnwood,432,32667,699,32480,267,-187,2.0202,2.0202,17.1717,19.1919,0,2.0202,22136.218077605943,23369,21636.70323914705,23032,499.5148384588938,337
Southwark,1788,29827,2115,29878,327,51,4.8193,3.012,0.6024,0.6024,-1.8072289156626509,0,11597.643625540635,9783,9862.301144687084,7745,1735.342480853551,2038
Castle Point,1415,30188,1311,30844,-104,656,1.7544,1.7544,3.5088,5.2632,0,1.7544,18939.152045209903,19884,18926.42577478519,21082,12.726270424711402,-1198
Shepway,572,31159,614,29851,42,-1308,5.9701,5.9701,1.4925,1.4925,0,0,13507.546113366958,13117,14491.660791168353,15101,-984.1146778013954,-1984
Taunton Deane,1353,31450,1344,31033,-9,-417,4.4776,4.4776,10.4478,7.4627,0,-2.9851,18286.96379583512,17700,19096.578917123104,18991,-809.615121287985,-1291
Islington,614,23836,2164,23623,1550,-213,14.6341,4.878,-999999,-999999,-9.756097560975608,0,10354.76484104862,9255,8157.6249554112865,7294,2197.1398856373335,1961
Vale of White Horse,5936,32749,5998,32756,62,7,-999999,-999999,34.2105,36.8421,0,2.6316,26591.679335198445,27314,26214.49710012707,27621,377.1822350713737,-307
Arun,2402,31006,1861,30415,-541,-591,4.2553,4.2553,6.383,3.1915,0,-3.1915,17287.94469019426,18101,18196.435904743597,19016,-908.4912145493363,-915
Nuneaton and Bedworth,466,32460,663,32291,197,-169,7.4074,6.1728,11.1111,8.642,-1.2345679012345672,-2.4691,14365.640371871124,12210,14807.34911966933,13425,-441.7087477982059,-1215
Gosport,2550,30875,3134,31014,584,139,3.7736,1.8868,5.6604,5.6604,-1.8867924528301887,0,16050.102575598476,15475,16016.91386473894,14889,33.188710859534694,586
Tamworth,774,31087,773,30856,-1,-231,7.8431,7.8431,9.8039,3.9216,0,-5.8824,15900.015186491673,16190,16732.778599030058,16928,-832.7634125383847,-738
Rochford,3967,32327,3894,32156,-73,-171,-999999,-999999,16.9811,28.3019,0,11.3208,24723.206286975303,27292,23877.075435850253,26049,846.13085112505,1243
East Cambridgeshire,10179,31903,11483,32526,1304,623,-999999,-999999,12,18,0,6,23134.95984416117,22580,22322.327461602643,21723,812.6323825585278,857
Sutton,2008,32267,3200,32359,1192,92,0.8264,0.8264,14.0496,19.0083,0,4.9587,21429.75190874068,22837,20781.43009347725,22462,648.321815263429,375
Bracknell Forest,8461,32837,8551,32841,90,4,-999999,-999999,30.6667,36,0,5.3333,24549.21325447758,25942,24089.737384623408,25261,459.47586985417365,681
North Lincolnshire,400,30907,250,31658,-150,751,8.9109,10.8911,2.9703,2.9703,1.980198019801982,0,15644.616905024051,16027,16237.240307176966,16803,-592.6234021529144,-776
Rossendale,2032,30663,1542,31314,-490,651,6.9767,13.9535,4.6512,4.6512,6.976744186046512,0,13908.907372727535,11130,14260.755653394963,12641,-351.8482806674274,-1511
Isle of Wight,2003,26932,1904,28805,-99,1873,2.2472,3.3708,-999999,-999999,1.1235955056179772,0,13390.683415274154,12656,13456.203405638174,12768,-65.51999036402049,-112
Hertsmere,3049,32695,2503,32725,-546,30,1.6129,1.6129,25.8065,19.3548,0,-6.4516,21175.489419040878,21406,21901.792860689107,22308,-726.3034416482296,-902
Southend on Sea,88,31259,136,32713,48,1454,12.1495,8.4112,7.4766,12.1495,-3.738317757009346,4.6729,16033.12459131638,14508,14529.322338393256,12746,1503.802252923124,1762
East Devon,6641,31405,6745,32202,104,797,-999999,-999999,8.642,8.642,0,0,21951.72146263911,22304,21840.320075320597,23543,111.40138731851403,-1239
Staffordshire Moorlands,4813,32181,4091,32488,-722,307,-999999,-999999,3.3898,3.3898,0,0,20254.26866677559,21910,19917.241736749464,21786,337.02693002612796,124
West Oxfordshire,10170,32797,10454,32646,284,-151,-999999,-999999,37.8788,33.3333,0,-4.5455,26342.926065059066,27834,26677.095222091524,27600,-334.1691570324583,234
North East Lincolnshire,13,31533,22,31640,9,107,29.2453,30.1887,2.8302,2.8302,0.9433962264150964,0,12667.728682073626,10240,12864.402430396865,10275,-196.67374832323912,-35
Wycombe,7238,32836,7496,32834,258,-2,-999999,-999999,39.2523,37.3832,0,-1.8692,24078.70855044528,25873,24532.488915559763,26393,-453.78036511448227,-520
Stafford,3404,32643,4480,32776,1076,133,-999999,-999999,22.5,18.75,0,-3.75,21624.51343588337,22626,21796.010458586446,22694,-171.49702270307534,-68
Kensington and Chelsea,1243,26751,1012,27993,-231,1242,10.6796,8.7379,-999999,-999999,-1.9417475728155331,0,15667.455510785741,16808,14293.463490027576,13951,1373.9920207581654,2857
Burnley,14,27887,15,27072,1,-815,33.3333,38.3333,-999999,-999999,5.000000000000007,0,8444.741823474136,5509,9285.808452029796,7105,-841.0666285556599,-1596
Winchester,8398,32821,8543,32821,145,0,-999999,-999999,37.1429,35.7143,0,-1.4286,25258.394142493682,27452,25890.207184649582,28442,-631.8130421558999,-990
Havant,1397,32424,1513,32153,116,-271,7.6923,7.6923,8.9744,7.6923,0,-1.2821,16171.873085232533,17081,16662.319812651003,18125,-490.4467274184699,-1044
Exeter,2395,31524,3556,31749,1161,225,2.7027,-999999,4.0541,9.4595,-2.7027027027027026,5.4054,19438.987389870472,19807,17825.237464339654,18322,1613.7499255308176,1485
Haringey,931,27905,546,28651,-385,746,18.6207,9.6552,-999999,-999999,-8.965517241379313,0,10957.377866252129,9491,9791.663746755654,7783,1165.7141194964752,1708
West Devon,9057,32064,9941,31237,884,-827,-999999,-999999,3.2258,3.2258,0,0,16574.902085457412,15226,16613.117966889775,14910,-38.21588143236295,316
North Devon,1576,29324,1469,28881,-107,-443,3.4483,5.1724,-999999,-999999,1.724137931034483,0,15754.757651706634,14991,15630.352286167912,14472,124.40536553872153,519
Bournemouth,226,31389,528,31921,302,532,6.3636,7.2727,1.8182,2.7273,0.9090909090909092,0.9091,15266.353565708263,14905,15256.49312963201,14585,9.860436076252881,320
Cheshire West and Chester,419,32545,488,32794,69,249,6.6038,7.5472,16.5094,16.5094,0.9433962264150946,0,18982.035900691422,20629,19054.58128709873,20509,-72.54538640730607,120
Amber Valley,645,32683,925,32771,280,88,2.5641,3.8462,5.1282,7.6923,1.2820512820512824,2.5641,18089.506296904692,18923,17773.007682531406,17408,316.4986143732858,1515
Oxford,2578,31425,3168,32460,590,1035,2.4096,1.2048,8.4337,14.4578,-1.2048192771084338,6.0241,19210.207890586622,20422,17952.969428363504,18822,1257.2384622231184,1600
Hackney,586,17716,1315,18241,729,525,17.3611,11.1111,-999999,-999999,-6.25,0,7532.425990038194,7150,6779.003712532574,6112,753.4222775056196,1038
Hounslow,2629,28878,2294,30161,-335,1283,1.4085,0.7042,-999999,0.7042,-0.7042253521126761,0.7042,14192.466658395648,13586,13520.286179483614,13318,672.1804789120342,268
South Ribble,2133,32385,1219,32337,-914,-48,2.8571,4.2857,18.5714,18.5714,1.4285714285714284,0,20434.44537539317,21706,21579.35336924503,22662,-1144.907993851859,-956
Watford,5005,32697,5055,32633,50,-64,-999999,-999999,13.2075,13.2075,0,0,19579.85524349234,18834,19261.3067631797,20026,318.5484803126419,-1192
South Staffordshire,5835,32578,7519,32616,1684,38,-999999,-999999,13.2353,11.7647,0,-1.4706,21725.25762983869,22529,22219.998115144164,22716,-494.7404853054759,-187
Ashfield,622,28929,438,31002,-184,2073,12.1622,16.2162,-999999,1.3514,4.054054054054054,1.3514,12520.916634972527,11713,12932.41738602026,12354,-411.5007510477335,-641
Cornwall,414,29230,577,29312,163,82,5.2147,5.2147,-999999,-999999,0,0,13462.588515363912,12662,12922.11310729968,12233,540.4754080642324,429
Kingston upon Thames,4711,32349,4000,32171,-711,-178,-999999,-999999,16.3265,13.2653,0,-3.0612,23432.707853317715,24659,23483.492141837396,23958,-50.78428851968056,701
Salford,57,32039,93,30793,36,-1246,28.6667,30,4,3.3333,1.3333333333333321,-0.6667,9611.439083139083,7240,10345.374728322917,8033,-733.9356451838339,-793
Redcar and Cleveland,55,31707,62,31606,7,-101,21.5909,23.8636,5.6818,4.5455,2.2727272727272734,-1.1364,12496.601925748573,11896,13128.985288670943,12865,-632.38336292237,-969
East Hertfordshire,9715,32754,9505,32786,-210,32,-999999,-999999,39.2857,42.8571,0,3.5714,26753.4621560268,27842,26597.64149779862,28121,155.82065822817822,-279
Walsall,370,31855,352,31710,-18,-145,20.3593,26.3473,7.1856,3.5928,5.988023952095812,-3.5928,10692.35923952443,6084,11412.009349485465,7361,-719.6501099610341,-1277
Horsham,10308,32813,9134,32827,-1174,14,-999999,-999999,30.8642,34.5679,0,3.7037,24871.644453903624,25683,24723.056181900727,24656,148.5882720028967,1027
Waltham Forest,1532,26817,2576,28095,1044,1278,9.7222,2.0833,-999999,-999999,-7.63888888888889,0,11658.356148239007,11129,9100.46120594441,8541,2557.894942294597,2588
Barking and Dagenham,1277,17845,2669,17580,1392,-265,4.5455,3.6364,-999999,-999999,-0.9090909090909096,0,7293.147315867474,6405,6799.070849076406,6035,494.076466791068,370
Daventry,2021,31996,2375,31861,354,-135,2.2727,2.2727,9.0909,9.0909,0,0,22107.68713156186,23053,21640.655591708688,22967,467.0315398531711,86
Lambeth,1596,26757,3295,27507,1699,750,7.3034,-999999,-999999,-999999,-7.303370786516854,0,11493.621586488134,11024,9840.804856707435,9494,1652.8167297806995,1530
Harlow,3372,28274,6346,29026,2974,752,-999999,-999999,-999999,-999999,0,0,14262.219816019218,12925,12936.468297934105,11317,1325.7515180851133,1608
Worcester,97,32447,72,31357,-25,-1090,7.9365,12.6984,6.3492,11.1111,4.761904761904762,4.7619,17587.10934297173,18112,17700.29971687884,17792,-113.19037390710946,320
Adur,4700,31879,4639,32283,-61,404,-999999,-999999,2.381,7.1429,0,4.7619,17849.08154141611,19261,17196.89728560125,18385,652.1842558148601,876
Rotherham,242,30591,252,29092,10,-1499,19.1617,21.5569,1.7964,-999999,2.3952095808383227,-1.7964,11814.237685347354,10344,12662.00868969468,11009,-847.7710043473253,-665
Kirklees,672,31506,661,31594,-11,88,8.8803,11.9691,3.4749,3.861,3.088803088803088,0.3861,13724.027722909519,12591,14385.223506933919,13417,-661.1957840243995,-826
Wigan,159,32148,77,31694,-82,-454,13.5,16.5,4,5.5,3,1.5,14244.564179605331,13197,14551.243362220548,13558,-306.67918261521663,-361
Hillingdon,3371,31893,3488,32164,117,271,-999999,-999999,8.6957,6.2112,0,-2.4845,17329.968847110005,15258,17435.569020712956,16042,-105.60017360295024,-784
Medway,228,31759,144,31906,-84,147,7.362,8.589,5.5215,2.454,1.2269938650306749,-3.0675,14257.09281645535,12554,15388.586364349718,13541,-1131.493547894368,-987
High Peak,1172,32737,1457,32764,285,27,3.3898,5.0847,6.7797,10.1695,1.694915254237289,3.3898,20086.97480414759,21960,19488.293454641236,21381,598.6813495063543,579
South Tyneside,253,31633,305,31929,52,296,21.5686,24.5098,2.9412,0.9804,2.941176470588232,-1.9608,10271.706333546585,7615,10696.909235454226,8109,-425.2029019076417,-494
Blackburn with Darwen,19,31142,29,32389,10,1247,30.7692,36.2637,1.0989,1.0989,5.494505494505493,0,9025.395946055622,5122,9948.863864385667,6589,-923.467918330045,-1467
South Holland,4980,27929,6271,27783,1291,-146,-999999,-999999,-999999,-999999,0,0,16941.856200339746,16726,16206.294425992453,15065,735.5617743472922,1661
Thanet,4,29880,67,30199,63,319,21.4286,21.4286,1.1905,1.1905,0,0,10859.903462974353,10621,11245.084018251377,10795,-385.1805552770238,-174
Nottingham,63,30079,130,30163,67,84,33.5165,30.7692,0.5495,1.0989,-2.747252747252741,0.5495,8386.481197933343,5713,7783.966384810242,5190,602.5148131231008,523
Waverley,7432,32830,9080,32807,1648,-23,-999999,-999999,47.561,47.561,0,0,27501.539476336777,29403,27667.246102851892,29508,-165.7066265151152,-105
Stockton on Tees,73,31674,74,32205,1,531,18.3333,20.8333,6.6667,8.3333,2.5,1.6667,15303.282192910141,14536,15798.251692294836,15355,-494.96949938469515,-819
Windsor and Maidenhead,8981,32727,9848,32781,867,54,-999999,-999999,38.2022,50.5618,0,12.3596,26555.700344625264,29651,25840.652823305125,28278,715.0475213201389,1373
Wakefield,173,31254,230,31200,57,-54,14.3541,15.7895,3.3493,3.3493,1.4354066985645932,0,12572.13801986381,10898,12967.564936297349,11726,-395.4269164335383,-828
Test Valley,6067,32835,5767,32696,-300,-139,-999999,-999999,30.9859,29.5775,0,-1.4085,22955.012764519743,22641,24082.687393191605,25181,-1127.6746286718626,-2540
Barrow in Furness,122,28976,99,29664,-23,688,22.449,24.4898,-999999,2.0408,2.04081632653061,2.0408,11617.967078432532,9724,11554.383411740642,10829,63.58366669188945,-1105
York,3490,32799,3155,32833,-335,34,-999999,0.8333,26.6667,34.1667,0.8333333333333334,7.5,23752.84341197575,26494,23151.916263969346,25852,600.9271480064053,642
Aylesbury Vale,6134,32819,5568,32799,-566,-20,-999999,-999999,26.087,25.2174,0,-0.8696,23843.731898123955,25501,23772.173033974683,25730,71.55886414927227,-229
Hartlepool,208,29627,111,30400,-97,773,32.7586,36.2069,1.7241,1.7241,3.448275862068961,0,10263.020627473026,5780,10958.40005203929,7567,-695.379424566263,-1787
East Dorset,8381,32651,7899,32724,-482,73,-999999,-999999,36.8421,35.0877,0,-1.7544,25111.93930854122,28124,25442.199954418553,27439,-330.26064587733345,685
Halton,355,28777,373,30140,18,1363,26.5823,31.6456,-999999,1.2658,5.063291139240512,1.2658,11098.838493043664,7104,11281.920289278554,6579,-183.08179623489013,525
Middlesbrough,59,31946,46,31644,-13,-302,48.8372,48.8372,1.1628,1.1628,0,0,9115.902727729524,3285,9282.288322377904,3465,-166.38559464838,-180
Dudley,539,32622,635,32000,96,-622,7.9602,10.9453,10.4478,9.4527,2.9850746268656723,-0.995,14651.124470886509,12798,15330.123610840941,13561,-678.9991399544324,-763
Solihull,714,32829,564,32804,-150,-25,11.9403,11.9403,29.8507,27.6119,0,-2.2388,20334.685634195623,22920,20571.51813578937,23083,-236.83250159374802,-163
Chelmsford,2641,32475,4058,32532,1417,57,0.9346,-999999,24.2991,24.2991,-0.9345794392523363,0,22840.579749478078,23837,22592.029924184182,23737,248.549825293896,100
Stroud,6713,32216,7812,32746,1099,530,-999999,-999999,18.8406,21.7391,0,2.8986,24023.014164111875,25051,23701.390065541666,24395,321.62409857020975,656
Mid Suffolk,5405,31784,3344,31902,-2061,118,-999999,-999999,14.2857,10.7143,0,-3.5714,21464.58844300805,20476,21646.193758900125,21065,-181.60531589207312,-589
South Kesteven,2170,32406,3189,32778,1019,372,2.4691,1.2346,17.284,19.7531,-1.2345679012345678,2.4691,21711.77542762025,22606,20981.20818614709,20656,730.5672414731598,1950
Bradford,40,32725,75,32445,35,-280,32.5806,33.5484,5.1613,5.1613,0.967741935483879,0,9758.183647587468,6829,10660.84017734775,8147,-902.6565297602829,-1318
Purbeck,12285,30898,12404,32050,119,1152,-999999,-999999,3.4483,3.4483,0,0,19392.272215973004,19929,20236.53302126344,20150,-844.2608052904361,-221
Wealden,5131,32512,4812,32075,-319,-437,-999999,-999999,14.7368,13.6842,0,-1.0526,22572.75077492187,23573,23434.46017652239,24042,-861.7094016005176,-469
Epsom and Ewell,7536,32766,7437,32736,-99,-30,-999999,-999999,47.7273,50,0,2.2727,26312.860054295874,28194,26459.653763214643,28950,-146.79370891876897,-756
East Northamptonshire,5883,31913,4885,32101,-998,188,-999999,-999999,12.2449,18.3673,0,6.1224,21330.855085818326,22671,20846.30493904882,22067,484.5501467695067,604
Barnsley,345,31112,452,31518,107,406,21.7687,21.7687,0.6803,0.6803,0,0,10994.807471180506,8747,11294.562915381028,9010,-299.7554442005221,-263
Blackpool,2,21730,2,21322,0,-408,38.2979,41.4894,-999999,-999999,3.191489361702125,0,6079.710584894622,4682,7152.326752408858,6991,-1072.6161675142357,-2309
Ribble Valley,10031,32676,10146,32719,115,43,-999999,-999999,27.5,20,0,-7.5,24143.851159452486,24738,24319.541027154664,25910,-175.68986770217816,-1172
Preston,435,31175,835,30782,400,-393,16.2791,18.6047,5.814,5.814,2.325581395348838,0,11659.546047525118,7141,12955.316554562509,9472,-1295.7705070373904,-2331
Bath and North East Somerset,2881,32689,3120,32768,239,79,0.8696,1.7391,25.2174,29.5652,0.8695652173913043,4.3478,23584.903471216094,25490,23110.565696368558,25068,474.3377748475359,422
Telford and Wrekin,496,31973,346,32365,-150,392,13.8889,16.6667,5.5556,7.4074,2.777777777777775,1.8519,14261.466043791539,12758,14260.253557328753,12259,1.2124864627858187,499
Epping Forest,5473,32658,5221,32583,-252,-75,-999999,-999999,6.4103,11.5385,0,5.1282,19914.740829555827,19725,19649.526974936547,19485,265.21385461928,240
Maidstone,1979,32782,2915,32648,936,-134,2.1053,2.1053,22.1053,17.8947,0,-4.2105,19205.41263039326,19154,20007.83772758612,20778,-802.4250971928595,-1624
Tewkesbury,4778,32104,4199,32519,-579,415,-999999,-999999,28,20,0,-8,22877.9670995073,24545,22853.887219222983,24105,24.07988028431646,440
Mendip,2998,30733,3233,31364,235,631,1.5152,1.5152,3.0303,6.0606,0,3.0303,18314.423645320196,18280,17736.12771172156,17889,578.2959335986343,391
Oldham,71,30702,86,29371,15,-1331,22.695,30.4965,2.1277,-999999,7.801418439716311,-2.1277,10384.904212478878,6643,11960.741573879359,8672,-1575.8373614004813,-2029
Greenwich,2327,29389,2565,28995,238,-394,1.9868,0.6623,-999999,-999999,-1.3245033112582782,0,12461.248841669167,11676,11957.954667078515,10951,503.2941745906519,725
Newark and Sherwood,1723,32516,1895,32398,172,-118,4.2857,4.2857,8.5714,8.5714,0,0,17267.01776152208,17228,17627.73642615568,18399,-360.7186646336013,-1171
Pendle,598,28246,677,28977,79,731,28.0702,31.5789,-999999,-999999,3.5087719298245617,0,10910.767617458994,9656,11465.954816823452,10681,-555.1871993644581,-1025
Lewes,6248,32157,5223,31476,-1025,-681,-999999,-999999,6.4516,9.6774,0,3.2258,19485.338497643246,21084,19751.28462078009,20477,-265.9461231368441,607
Eden,11014,27960,8695,26708,-2319,-1252,-999999,-999999,-999999,-999999,0,0,18156.929454503956,17191,18672.158747341233,17742,-515.2292928372772,-551
Eastbourne,2071,30678,2352,31653,281,975,3.2787,6.5574,4.918,3.2787,3.278688524590164,-1.6393,14856.542297757427,13274,15375.201451288869,13365,-518.6591535314419,-91
St  Helens,70,30277,27,29500,-43,-777,23.5294,24.3697,2.521,-999999,0.8403361344537821,-2.521,11209.450954997972,9172,11969.776434582145,10473,-760.3254795841731,-1301
Bolsover,1895,28226,1984,28126,89,-100,4.1667,4.1667,-999999,-999999,0,0,12404.244465264319,11368,12661.597014925374,10980,-257.3525496610546,388
Allerdale,804,31925,620,31497,-184,-428,11.6667,11.6667,3.3333,5,0,1.6667,15016.195956839885,15065,15141.047523580006,15761,-124.85156674012069,-696
Huntingdonshire,5991,32711,6125,32151,134,-560,-999999,-999999,18.0952,17.1429,0,-0.9524,22379.136603708594,23828,22943.686793563003,24905,-564.5501898544098,-1077
Harrow,5370,32444,4814,32125,-556,-319,-999999,-999999,10.219,7.2993,0,-2.9197,19773.66412498278,19692,20335.26356873796,20327,-561.5994437551781,-635
Selby,2057,32219,2687,32647,630,428,2,2,14,16,0,2,22489.162025169633,24874,22242.43847451987,24055,246.72355064976364,819
Lichfield,5300,32716,5148,32718,-152,2,-999999,-999999,15.5172,18.9655,0,3.4483,22457.75044115917,23506,22143.840344738463,23105,313.9100964207064,401
Runnymede,8827,32363,7886,32196,-941,-167,-999999,-999999,17.3077,13.4615,0,-3.8462,22788.571783226656,23582,23678.310053656816,24866,-889.7382704301599,-1284
Babergh,5589,31911,7430,32395,1841,484,-999999,-999999,9.2593,9.2593,0,0,20505.946295884314,20974,19699.55144056326,20562,806.3948553210539,412
