height,weight,male,earn,earnk,education,walk,exercise,angry,age,earnsabove16k,angry_or_not
74,210,1,50000,50,16,3,3,0,45,1,0
66,125,0,60000,60,16,6,5,0,58,1,0
64,126,0,30000,30,16,8,1,1,29,1,1
65,200,0,25000,25,17,8,1,0,57,1,0
63,110,0,50000,50,16,5,6,0,91,1,0
68,165,0,62000,62,18,1,1,2,54,1,1
63,190,0,51000,51,17,3,1,4,39,1,1
64,125,0,9000,9,15,7,4,4,26,0,1
62,200,0,29000,29,12,2,2,0,49,1,0
73,230,1,32000,32,17,7,1,0,46,1,0
72,176,1,2000,2,15,8,1,0,21,0,0
72,160,1,27000,27,12,1,2,1,26,1,1
70,225,1,6530,6.53,16,4,1,0,65,0,0
63,107,0,0,0,14,7,4,2,50,0,1
68,170,1,30000,30,11,7,4,0,34,1,0
68,144,1,12000,12,12,6,5,2,27,0,1
71,193,1,15000,15,18,4,6,0,51,0,0
65,250,0,12000,12,12,5,1,1,51,0,1
66,130,0,20000,20,11,8,1,0,45,1,0
60,100,0,0,0,12,4,2,7,27,0,1
65,123,0,25000,25,12,1,4,0,41,1,0
66,130,0,22000,22,16,5,1,1,35,1,1
65,120,0,25000,25,16,5,4,1,29,1,1
71,160,1,20000,20,14,7,4,0,22,1,0
68,172,1,17000,17,12,8,1,0,58,1,0
68,135,0,40000,40,14,8,7,1,29,1,1
70,180,1,44000,44,13,8,2,4,44,1,1
67,112,0,0,0,9,1,1,0,21,0,0
64,240,0,7000,7,12,8,1,4,55,0,1
73,190,1,53000,53,13,6,7,2,35,1,1
64,145,0,5000,5,12,3,1,7,23,0,1
62,120,0,5000,5,13,2,1,0,51,0,0
63,114,0,14000,14,14,5,3,0,21,0,0
69,170,1,45000,45,14,8,7,1,36,1,1
67,166,1,5500,5.5,14,6,7,0,22,0,0
66,124,0,40000,40,12,4,4,0,41,1,0
72,175,1,34000,34,12,2,1,0,45,1,0
63,120,0,5000,5,12,4,1,7,23,0,1
63,184,0,10000,10,12,8,3,3,35,0,1
68,150,1,0,0,11,2,7,1,21,0,1
64,150,0,27000,27,16,2,1,0,60,1,0
73,220,1,62000,62,14,8,1,2,44,1,1
67,220,0,15000,15,12,1,1,0,69,0,0
72,180,1,50000,50,16,5,6,1,38,1,1
68,158,0,0,0,12,3,1,0,55,0,0
77,255,1,41000,41,16,7,7,0,33,1,0
64,150,0,0,0,10,8,1,0,19,0,0
64,130,0,15000,15,14,4,1,3,25,0,1
63,146,0,25000,25,16,5,1,1,72,1,1
72,185,1,75000,75,17,8,5,4,39,1,1
68,180,1,27000,27,17,5,2,0,31,1,0
64,135,0,12000,12,12,8,1,7,26,0,1
70,168,1,40000,40,12,7,3,0,51,1,0
61,138,0,7500,7.5,14,8,1,0,78,0,0
65,115,0,25000,25,12,7,2,0,46,1,0
67,135,0,30000,30,14,8,6,7,31,1,1
65,150,0,21000,21,12,8,1,0,57,1,0
64,120,0,27000,27,14,5,1,0,26,1,0
73,165,1,45000,45,16,7,2,0,44,1,0
67,130,0,3000,3,15,1,1,1,65,0,1
65,170,0,25000,25,12,8,7,2,30,1,1
65,140,0,24000,24,12,1,7,1,41,1,1
67,145,0,32000,32,18,4,5,1,29,1,1
68,145,0,10000,10,17,7,2,1,30,0,1
70,150,0,0,0,12,5,1,0,57,0,0
60,100,0,11000,11,12,2,1,0,21,0,0
65,105,0,18700,18.7,13,5,6,0,32,1,0
62,120,0,20000,20,12,2,1,7,29,1,1
72,160,1,3500,3.5,10,4,7,0,18,0,0
67,206,1,13000,13,8,8,1,5,56,0,1
70,170,1,25000,25,12,1,1,0,65,1,0
70,183,1,21000,21,17,5,5,0,41,1,0
68,150,0,34000,34,17,5,5,2,49,1,1
66,115,0,5000,5,12,7,4,1,23,0,1
60,120,0,6000,6,12,1,1,0,65,0,0
71,195,1,17000,17,12,8,7,1,28,1,1
71,140,1,35000,35,12,1,2,0,32,1,0
73,180,1,4000,4,13,6,6,0,18,0,0
64,115,0,5000,5,16,8,6,1,22,0,1
68,150,0,14000,14,14,4,1,0,55,0,0
66,118,0,10000,10,12,8,1,0,57,0,0
69,155,1,25000,25,16,2,6,4,29,1,1
63,126,0,0,0,8,1,1,0,63,0,0
70,130,1,87000,87,18,1,1,0,60,1,0
63,130,0,16000,16,14,4,6,0,27,0,0
66,123,0,0,0,13,8,3,1,30,0,1
66,110,0,15000,15,12,5,2,2,33,0,1
64,200,0,0,0,12,4,1,3,26,0,1
62,130,1,16000,16,14,1,1,0,28,0,0
66,190,0,25000,25,18,8,2,0,67,1,0
64,116,0,16500,16.5,14,8,7,5,43,1,1
68,170,1,15000,15,12,3,7,0,73,0,0
64,190,0,4000,4,9,2,1,0,68,0,0
67,342,0,3840,3.84,9,5,1,0,52,0,0
60,90,0,5000,5,6,1,1,0,78,0,0
71,200,1,22000,22,12,1,6,0,39,1,0
60,135,0,200,0.2,16,8,1,3,53,0,1
66,140,0,26000,26,16,2,5,3,27,1,1
66,120,0,2500,2.5,15,1,1,2,21,0,1
65,125,0,17000,17,14,1,1,0,39,1,0
63,112,0,25000,25,16,4,5,0,35,1,0
70,130,0,8000,8,13,8,7,1,22,0,1
68,215,1,25000,25,12,1,3,0,31,1,0
65,98,0,0,0,13,7,1,0,63,0,0
66,138,0,12000,12,13,4,1,0,68,0,0
62,123,0,10000,10,12,8,6,0,47,0,0
60,105,0,5000,5,8,7,1,0,77,0,0
76,220,1,100000,100,16,3,6,0,51,1,0
66,140,0,10000,10,15,8,1,2,67,0,1
64,173,0,0,0,14,4,1,0,38,0,0
72,185,1,15000,15,12,8,2,0,39,0,0
66,190,0,45000,45,12,8,6,0,43,1,0
69,190,1,15000,15,11,4,4,0,73,0,0
67,115,0,2400,2.4,8,8,4,1,39,0,1
68,150,1,30000,30,12,4,6,2,32,1,1
70,150,1,30000,30,12,5,6,1,33,1,1
62,125,0,10000,10,12,6,4,5,38,0,1
63,137,0,5000,5,13,7,2,0,26,0,0
66,125,0,12000,12,13,1,1,5,63,0,1
70,80,0,20000,20,10,2,1,0,61,1,0
68,160,0,20000,20,12,3,1,1,36,1,1
70,160,1,20000,20,14,8,7,0,23,1,0
65,125,0,25000,25,18,8,7,1,57,1,1
68,110,0,5000,5,8,1,4,0,82,0,0
66,133,0,0,0,12,3,1,4,59,0,1
71,180,1,25000,25,18,8,1,0,76,1,0
66,135,0,1200,1.2,12,7,7,2,20,0,1
62,130,0,5000,5,12,6,4,0,69,0,0
68,120,0,700,0.7,16,4,5,0,32,0,0
70,150,1,20000,20,16,1,4,0,27,1,0
61,110,0,10000,10,12,8,6,0,22,0,0
63,128,0,30000,30,12,7,7,0,73,1,0
72,185,1,25000,25,8,8,1,0,63,1,0
64,200,0,40000,40,14,8,7,0,56,1,0
67,155,1,25000,25,12,8,7,0,89,1,0
66,135,0,45000,45,18,5,2,0,65,1,0
61,130,0,10000,10,17,7,1,0,79,0,0
69,132,0,60000,60,18,8,1,0,63,1,0
62,103,0,45000,45,12,8,1,0,56,1,0
64,150,0,0,0,12,4,7,3,21,0,1
68,130,0,18000,18,12,7,1,0,66,1,0
60,128,0,15000,15,12,4,5,5,74,0,1
71,155,1,50000,50,18,8,3,1,42,1,1
64,155,0,16040,16.04,12,8,1,3,33,1,1
67,140,0,15000,15,14,8,1,7,30,0,1
69,160,1,10000,10,17,1,7,2,23,0,1
67,185,0,33000,33,13,2,1,0,43,1,0
68,130,0,18000,18,12,7,7,0,30,1,0
63,105,0,15000,15,12,7,1,7,37,0,1
71,145,1,21000,21,12,4,7,0,22,1,0
64,124,0,21000,21,17,3,1,0,43,1,0
68,170,1,37000,37,11,4,4,2,37,1,1
68,126,0,38000,38,17,7,6,2,44,1,1
66,142,0,17000,17,14,4,4,0,43,1,0
66,130,0,0,0,12,4,3,2,29,0,1
66,130,0,0,0,16,8,2,0,32,0,0
60,100,0,15000,15,16,1,1,1,91,0,1
77,210,1,32000,32,16,1,7,1,30,1,1
67,160,0,27500,27.5,12,4,1,0,58,1,0
66,140,1,15000,15,12,8,1,0,76,0,0
62,120,0,16500,16.5,12,8,1,3,44,1,1
64,118,0,0,0,17,8,6,5,30,0,1
72,175,0,0,0,12,7,1,2,51,0,1
67,150,0,25000,25,18,7,5,1,35,1,1
61,116,0,27000,27,18,4,7,2,43,1,1
64,220,0,5000,5,12,5,1,7,28,0,1
62,125,0,70000,70,16,8,1,0,38,1,0
63,150,0,5000,5,12,4,5,2,40,0,1
68,135,1,5000,5,16,1,4,1,24,0,1
69,158,1,62000,62,18,4,1,1,30,1,1
64,160,0,15000,15,12,8,1,0,59,0,0
64,158,0,20000,20,15,8,4,0,26,1,0
72,185,1,4000,4,15,4,5,2,21,0,1
72,172,1,75000,75,12,7,6,0,39,1,0
64,130,0,60000,60,16,5,1,2,35,1,1
61,150,0,5000,5,13,8,1,7,31,0,1
74,230,1,30000,30,12,7,4,3,38,1,1
70,165,1,70000,70,14,5,4,2,35,1,1
64,115,0,5000,5,16,8,1,0,60,0,0
71,195,1,50000,50,16,8,4,0,41,1,0
63,120,0,44000,44,12,8,6,0,39,1,0
73,215,1,40000,40,18,4,4,0,40,1,0
64,133,0,30000,30,14,4,7,2,43,1,1
73,200,1,15000,15,14,8,7,2,24,0,1
63,150,0,35000,35,15,6,1,0,31,1,0
62,130,0,0,0,16,5,1,6,32,0,1
62,140,0,10000,10,16,3,1,7,40,0,1
70,170,0,23000,23,17,6,3,5,42,1,1
62,115,0,0,0,12,1,1,7,39,0,1
71,175,1,45000,45,17,6,1,0,62,1,0
71,170,1,15000,15,14,8,6,0,31,0,0
70,169,0,4000,4,14,8,1,0,71,0,0
67,160,1,17000,17,14,1,6,0,31,1,0
64,130,0,30000,30,12,6,4,3,32,1,1
67,112,0,27500,27.5,12,3,3,1,30,1,1
62,140,0,5688,5.688,8,6,1,3,69,0,1
62,137,0,18000,18,13,6,1,0,56,1,0
67,170,1,35000,35,14,6,7,3,36,1,1
66,160,0,45000,45,17,8,1,0,32,1,0
68,185,1,43000,43,13,7,1,7,44,1,1
62,140,0,32000,32,14,6,2,1,44,1,1
62,118,0,25000,25,12,7,7,0,20,1,0
66,148,0,0,0,5,6,1,1,51,0,1
68,165,0,10000,10,18,3,2,4,56,0,1
65,130,0,50000,50,12,8,1,1,38,1,1
74,160,1,15000,15,12,2,5,3,20,0,1
74,185,1,60000,60,13,8,3,0,45,1,0
71,175,1,30000,30,15,1,1,0,23,1,0
68,150,0,21000,21,12,8,4,5,50,1,1
62,110,0,2400,2.4,16,3,4,7,22,0,1
68,240,0,5000,5,10,8,7,0,50,0,0
62,150,0,35000,35,15,2,1,2,42,1,1
66,136,0,1000,1,15,5,7,0,28,0,0
68,170,1,27000,27,12,8,1,3,27,1,1
60,115,0,6600,6.6,14,8,6,2,28,0,1
68,164,1,16000,16,8,4,1,2,43,0,1
72,185,1,90000,90,12,8,7,6,26,1,1
66,185,0,8000,8,12,5,2,0,42,0,0
68,150,1,20000,20,10,1,1,0,32,1,0
68,130,0,15000,15,12,6,7,5,18,0,1
69,180,0,12000,12,12,8,1,0,60,0,0
63,170,0,25000,25,9,8,2,2,67,1,1
64,128,0,24000,24,16,7,3,0,46,1,0
65,175,0,20000,20,14,8,3,0,39,1,0
61,128,0,19000,19,12,8,1,0,46,1,0
71,180,1,25000,25,8,3,1,0,53,1,0
72,172,1,10000,10,12,8,1,0,49,0,0
66,125,0,40000,40,16,8,1,1,34,1,1
69,175,1,62000,62,8,1,1,0,35,1,0
63,105,0,25000,25,13,7,6,3,38,1,1
60,145,0,0,0,10,8,1,0,48,0,0
62,138,0,10000,10,8,2,1,0,88,0,0
68,160,1,25000,25,14,8,1,0,64,1,0
70,150,1,25000,25,12,4,6,0,24,1,0
71,165,1,25000,25,14,4,5,0,32,1,0
71,209,1,19000,19,16,8,4,4,61,1,1
68,210,1,44000,44,16,4,4,2,48,1,1
66,145,0,0,0,12,8,6,0,19,0,0
63,140,0,0,0,18,8,1,0,55,0,0
60,105,0,15000,15,14,8,2,0,49,0,0
63,137,0,17000,17,12,5,1,5,36,1,1
68,150,1,24000,24,12,1,1,0,56,1,0
70,150,1,50000,50,16,8,6,0,38,1,0
64,170,0,23000,23,12,8,1,7,37,1,1
70,143,1,13000,13,12,8,7,0,74,0,0
68,180,1,65000,65,16,1,6,1,46,1,1
61,135,0,7000,7,12,4,1,3,63,0,1
68,180,1,40000,40,18,8,2,0,63,1,0
66,145,0,15000,15,17,7,1,3,43,0,1
70,164,1,20000,20,16,5,5,0,25,1,0
68,150,1,25000,25,6,1,1,0,77,1,0
71,175,1,20000,20,12,8,2,7,50,1,1
63,175,1,5000,5,9,2,1,0,67,0,0
65,195,0,20000,20,12,8,1,0,42,1,0
66,150,0,25000,25,12,3,1,0,49,1,0
64,110,0,15000,15,14,8,6,0,20,0,0
70,195,1,49000,49,13,7,7,0,37,1,0
70,165,1,25000,25,8,8,7,0,24,1,0
64,102,0,0,0,12,3,1,3,36,0,1
63,150,0,0,0,16,6,4,7,35,0,1
62,158,0,25000,25,12,5,1,0,65,1,0
65,160,0,30000,30,12,5,1,0,67,1,0
66,142,0,25000,25,12,8,1,1,62,1,1
60,125,0,35000,35,16,8,1,0,72,1,0
66,128,0,11000,11,14,7,1,0,57,0,0
61,160,0,16000,16,15,3,7,1,38,0,1
72,145,1,35000,35,14,1,7,2,43,1,1
74,240,1,125000,125,18,4,1,7,45,1,1
67,185,0,23000,23,12,3,1,2,47,1,1
66,170,0,17000,17,16,1,1,1,28,1,1
62,125,0,0,0,13,2,2,7,31,0,1
62,115,0,27000,27,12,2,1,3,41,1,1
72,180,1,70000,70,14,8,7,0,32,1,0
65,170,0,35000,35,15,8,1,0,47,1,0
60,150,0,10000,10,12,1,1,3,62,0,1
64,107,0,15000,15,13,8,4,4,30,0,1
62,135,0,35000,35,15,6,6,0,39,1,0
66,130,0,15000,15,12,8,5,1,38,0,1
64,250,0,12000,12,12,7,6,0,39,0,0
71,135,1,8000,8,12,1,1,0,68,0,0
65,130,0,8000,8,12,7,1,0,50,0,0
73,225,1,35000,35,18,5,2,0,50,1,0
69,175,1,45000,45,11,8,1,0,51,1,0
64,175,0,0,0,12,8,7,0,58,0,0
64,118,0,5000,5,12,7,7,4,27,0,1
64,123,0,15000,15,14,4,2,0,22,0,0
61,136,0,15000,15,12,6,1,3,77,0,1
67,240,0,24000,24,18,7,2,3,51,1,1
62,189,0,25000,25,13,5,1,5,32,1,1
63,165,0,25000,25,14,4,2,0,54,1,0
67,105,1,20000,20,10,1,1,0,28,1,0
68,140,0,24000,24,12,8,4,0,24,1,0
72,165,1,44000,44,16,8,4,1,46,1,1
70,187,1,69000,69,12,7,1,0,38,1,0
70,188,1,62000,62,18,8,4,0,44,1,0
60,145,0,25000,25,15,2,1,1,65,1,1
67,170,1,32000,32,14,6,6,0,32,1,0
63,125,0,20000,20,12,8,1,0,33,1,0
66,112,0,32000,32,18,5,2,0,35,1,0
66,135,0,25000,25,17,8,5,1,50,1,1
71,185,1,170000,170,18,5,4,0,45,1,0
66,185,0,0,0,11,8,5,2,29,0,1
67,170,1,35000,35,16,1,7,0,33,1,0
76,194,1,40000,40,16,5,6,1,38,1,1
69,155,1,33000,33,14,5,7,3,30,1,1
65,145,0,18000,18,12,2,3,0,22,1,0
62,120,0,30000,30,13,2,1,1,43,1,1
62,112,0,26000,26,12,2,1,7,31,1,1
62,120,0,5000,5,12,2,2,4,21,0,1
69,163,0,5000,5,12,2,1,7,18,0,1
62,130,0,20000,20,16,8,1,0,73,1,0
61,105,0,17000,17,12,5,6,0,30,1,0
65,138,0,32000,32,14,2,1,2,28,1,1
72,170,1,15000,15,14,7,6,0,22,0,0
66,120,0,0,0,17,8,6,3,41,0,1
72,248,1,50000,50,14,8,1,0,55,1,0
64,138,0,8000,8,12,3,2,2,39,0,1
71,190,1,40000,40,14,8,3,0,51,1,0
72,185,1,40000,40,15,8,6,3,41,1,1
66,130,1,32750,32.75,12,7,5,0,34,1,0
68,170,1,5000,5,12,8,3,5,20,0,1
65,185,0,20000,20,14,3,1,0,69,1,0
65,128,0,36000,36,15,8,7,0,39,1,0
62,170,0,6000,6,12,3,7,0,64,0,0
66,160,0,12000,12,14,7,7,2,34,0,1
67,150,1,60000,60,14,8,7,0,63,1,0
64,135,0,40000,40,13,8,2,0,44,1,0
74,185,1,5000,5,13,5,7,0,19,0,0
63,117,0,43000,43,12,5,6,0,38,1,0
67,150,0,45000,45,16,8,1,3,34,1,1
68,190,0,6000,6,18,3,1,5,39,0,1
64,154,0,8000,8,10,7,1,0,82,0,0
64,170,0,20000,20,13,8,1,5,39,1,1
66,165,1,17000,17,12,8,6,0,23,1,0
65,112,0,2000,2,12,6,1,7,32,0,1
65,180,1,65000,65,12,8,3,0,28,1,0
72,180,1,50000,50,12,4,4,1,41,1,1
68,128,0,0,0,11,6,5,1,54,0,1
63,170,0,0,0,11,5,3,0,29,0,0
70,220,1,15000,15,13,1,1,0,21,0,0
68,140,0,11000,11,12,8,1,1,38,0,1
74,190,1,35000,35,18,5,7,0,30,1,0
63,185,1,27000,27,12,1,2,1,33,1,1
64,135,0,3500,3.5,12,8,1,0,61,0,0
65,132,0,15000,15,7,1,1,0,77,0,0
68,180,1,42000,42,12,8,4,2,37,1,1
61,200,0,15000,15,12,5,1,0,61,0,0
67,130,0,20000,20,18,3,3,0,29,1,0
67,125,0,15000,15,12,8,1,3,29,0,1
73,207,1,10000,10,12,2,7,1,21,0,1
62,105,0,0,0,12,1,1,2,48,0,1
70,176,1,6000,6,8,8,7,0,78,0,0
71,200,1,25000,25,12,5,1,2,80,1,1
65,200,0,17000,17,16,8,1,3,23,1,1
69,148,1,35000,35,16,8,1,0,65,1,0
77,203,1,28000,28,14,8,7,0,28,1,0
68,165,0,15000,15,12,6,3,1,33,0,1
62,110,0,20000,20,17,6,1,0,24,1,0
64,128,0,20000,20,12,4,1,3,29,1,1
67,150,1,10500,10.5,12,7,4,1,42,0,1
70,165,1,13000,13,16,7,7,2,22,0,1
62,123,0,10000,10,12,1,4,7,52,0,1
63,170,0,3000,3,12,8,3,5,37,0,1
62,116,0,24000,24,14,1,4,7,29,1,1
63,117,0,0,0,17,1,1,4,41,0,1
69,160,0,17000,17,13,1,1,7,35,1,1
64,122,0,11000,11,12,1,1,0,48,0,0
64,154,0,0,0,14,6,1,7,37,0,1
69,185,0,32000,32,14,1,4,4,40,1,1
59,95,0,17000,17,15,2,1,5,26,1,1
61,115,0,15000,15,16,5,6,0,47,0,0
60,125,0,25000,25,12,4,1,0,75,1,0
72,225,1,136500,136.5,12,4,4,0,49,1,0
63,160,0,15000,15,8,8,6,0,60,0,0
65,150,0,0,0,12,1,1,0,41,0,0
70,200,1,25000,25,18,8,1,1,58,1,1
72,250,1,5000,5,14,2,1,0,48,0,0
62,125,0,2100,2.1,12,6,1,6,21,0,1
70,148,1,15000,15,10,8,1,0,82,0,0
60,120,0,15000,15,13,8,1,0,76,0,0
66,140,0,15000,15,12,2,1,3,29,0,1
64,160,1,15000,15,12,8,6,0,34,0,0
71,180,1,15000,15,16,2,6,2,23,0,1
73,250,1,5000,5,12,7,5,0,27,0,0
75,180,1,3192,3.192,11,8,7,0,34,0,0
62,110,0,15000,15,12,6,1,0,25,0,0
63,123,0,17000,17,17,5,5,1,26,1,1
65,150,0,30000,30,13,7,7,7,28,1,1
70,135,1,15000,15,12,1,1,0,32,0,0
64,110,0,5000,5,16,7,6,0,26,0,0
68,170,0,24000,24,16,6,4,1,42,1,1
65,154,0,10000,10,14,8,1,0,67,0,0
69,150,1,50000,50,8,2,7,0,53,1,0
64,170,0,15000,15,11,1,1,0,77,0,0
72,168,1,50000,50,16,3,2,0,53,1,0
69,160,1,136500,136.5,12,8,2,0,38,1,0
64,150,0,20000,20,17,4,2,0,49,1,0
63,108,0,30000,30,18,7,2,0,54,1,0
68,122,0,5000,5,18,2,1,2,41,0,1
64,135,0,0,0,12,1,1,1,63,0,1
66,130,0,0,0,10,6,1,0,48,0,0
70,165,1,25000,25,12,1,1,0,37,1,0
63,134,0,0,0,5,7,1,0,58,0,0
73,180,0,22000,22,14,5,1,0,45,1,0
75,200,1,27000,27,12,1,7,0,24,1,0
65,210,0,4000,4,12,4,2,1,38,0,1
64,140,0,35000,35,16,8,4,0,41,1,0
66,160,0,17500,17.5,17,4,1,0,26,1,0
66,112,0,16500,16.5,14,7,6,3,28,1,1
64,190,0,28000,28,16,3,1,5,39,1,1
66,140,0,52000,52,18,2,5,0,50,1,0
64,108,0,15000,15,16,2,6,0,29,0,0
63,140,0,19000,19,13,8,7,2,32,1,1
63,125,0,0,0,13,8,4,0,44,0,0
67,132,0,5000,5,12,3,1,2,19,0,1
69,135,0,15000,15,12,5,1,1,34,0,1
73,170,1,27000,27,12,6,6,2,23,1,1
72,171,1,15000,15,8,1,7,6,58,0,1
66,196,0,0,0,12,1,2,5,24,0,1
72,195,1,15000,15,14,8,5,1,33,0,1
64,150,0,14500,14.5,12,7,1,0,55,0,0
64,106,0,24000,24,13,2,1,0,30,1,0
61,115,0,5000,5,12,4,2,1,18,0,1
68,145,1,18000,18,15,7,7,0,36,1,0
62,118,0,4000,4,12,8,2,0,68,0,0
64,129,0,15000,15,12,6,1,0,85,0,0
66,160,0,20000,20,15,4,7,0,53,1,0
60,98,0,700,0.7,12,8,1,7,36,0,1
64,123,0,25000,25,15,7,7,0,33,1,0
65,220,0,24000,24,12,4,1,2,91,1,1
60,125,0,15000,15,12,2,1,0,60,0,0
76,215,1,27000,27,12,7,7,0,39,1,0
72,185,1,400000,400,12,5,4,6,33,1,1
62,145,0,22000,22,18,4,7,2,47,1,1
62,140,0,30000,30,13,1,1,1,36,1,1
70,160,1,45000,45,16,7,6,0,35,1,0
71,205,1,35000,35,12,8,3,0,61,1,0
74,195,1,20000,20,12,8,2,7,42,1,1
65,138,0,32000,32,16,5,1,0,32,1,0
63,160,0,6000,6,12,4,1,2,31,0,1
67,150,0,12000,12,12,3,1,0,39,0,0
65,128,0,0,0,16,2,1,0,44,0,0
63,145,0,10000,10,12,3,1,1,31,0,1
65,126,0,1000,1,12,6,6,0,18,0,0
64,136,0,12000,12,15,7,6,0,71,0,0
65,140,0,16000,16,12,7,1,1,36,0,1
63,125,0,15000,15,13,7,1,2,27,0,1
68,240,0,0,0,16,8,1,5,41,0,1
63,140,0,25000,25,16,4,2,0,33,1,0
70,135,0,25000,25,12,5,7,2,27,1,1
68,180,1,32000,32,12,5,6,5,30,1,1
67,165,1,35000,35,14,1,5,0,43,1,0
68,130,1,25000,25,12,8,2,7,24,1,1
66,135,0,25000,25,12,3,1,2,23,1,1
65,125,0,6000,6,12,8,1,1,28,0,1
69,165,1,80000,80,14,4,3,0,44,1,0
68,145,0,20000,20,14,7,1,0,25,1,0
66,187,0,1000,1,17,2,1,0,38,0,0
71,165,1,28000,28,13,1,5,0,38,1,0
64,125,1,26000,26,16,7,7,0,23,1,0
74,210,1,27000,27,12,7,6,2,24,1,1
62,112,0,18000,18,13,5,3,2,41,1,1
65,200,0,2000,2,12,8,1,0,59,0,0
69,195,1,20000,20,12,4,5,0,66,1,0
72,185,1,15000,15,12,8,2,2,19,0,1
66,221,0,6000,6,16,4,1,1,48,0,1
70,180,1,15000,15,11,8,4,0,32,0,0
61,170,0,15000,15,12,1,3,0,74,0,0
60,110,0,0,0,10,1,1,0,68,0,0
70,190,1,5000,5,12,2,4,2,19,0,1
73,130,0,5000,5,11,8,7,0,21,0,0
66,160,0,15000,15,12,7,1,1,74,0,1
57,130,0,45000,45,12,2,1,0,36,1,0
67,210,1,25000,25,11,8,7,0,63,1,0
73,180,1,12000,12,12,8,3,0,29,0,0
65,115,0,0,0,18,4,5,3,26,0,1
62,120,0,15000,15,12,6,1,0,45,0,0
76,165,1,12000,12,12,8,1,0,57,0,0
70,175,1,30000,30,14,8,5,0,76,1,0
64,160,0,0,0,12,6,6,2,30,0,1
63,130,0,4000,4,15,4,4,4,22,0,1
67,185,0,5000,5,11,8,1,2,18,0,1
63,115,0,26000,26,13,7,7,0,37,1,0
69,190,0,5000,5,9,8,4,0,53,0,0
67,200,0,15000,15,9,1,1,7,23,0,1
66,180,0,15000,15,12,4,4,7,30,0,1
61,140,0,5000,5,12,7,7,1,25,0,1
70,164,1,23000,23,12,8,7,4,35,1,1
71,175,1,21000,21,12,8,1,7,33,1,1
65,135,0,25000,25,12,5,1,3,62,1,1
70,157,1,18000,18,16,4,1,1,75,1,1
63,150,0,4000,4,13,4,6,0,44,0,0
64,116,0,23900,23.9,12,8,7,2,22,1,1
68,145,1,35000,35,12,8,5,0,68,1,0
64,123,0,35000,35,18,3,6,1,40,1,1
67,140,1,26000,26,14,1,4,3,30,1,1
66,172,1,25000,25,16,2,2,1,36,1,1
68,118,0,23500,23.5,13,2,4,7,27,1,1
65,135,0,12000,12,12,1,1,1,22,0,1
67,140,0,15000,15,12,5,6,2,20,0,1
61,165,0,25000,25,8,7,1,0,67,1,0
73,210,1,3000,3,17,5,6,0,23,0,0
63,200,0,15000,15,12,2,1,0,68,0,0
66,145,0,20000,20,12,1,7,0,37,1,0
64,200,0,6000,6,12,8,1,2,67,0,1
71,160,1,14000,14,12,1,1,0,69,0,0
63,123,0,15000,15,16,3,1,2,31,0,1
71,180,1,175000,175,16,8,5,2,48,1,1
63,118,0,0,0,12,3,1,1,51,0,1
64,128,0,62000,62,16,5,1,1,70,1,1
73,170,1,1000,1,18,7,7,3,25,0,1
65,140,0,10000,10,14,6,2,0,63,0,0
66,120,1,45000,45,13,4,1,0,82,1,0
66,120,0,15000,15,12,1,1,0,81,0,0
60,135,0,45000,45,15,8,1,0,79,1,0
68,165,0,50000,50,18,4,1,2,52,1,1
59,140,0,20000,20,13,8,1,4,41,1,1
70,215,1,5000,5,12,2,6,2,42,0,1
70,165,1,35000,35,16,1,7,2,30,1,1
72,152,1,40000,40,16,4,7,0,28,1,0
64,135,0,35000,35,12,8,7,0,72,1,0
72,200,1,25000,25,12,8,2,1,33,1,1
66,170,0,50000,50,16,4,4,0,54,1,0
70,205,1,100000,100,18,5,1,0,57,1,0
69,145,1,35000,35,13,1,7,0,28,1,0
66,115,0,0,0,12,5,5,2,51,0,1
68,175,0,24000,24,12,3,1,0,35,1,0
64,120,0,0,0,12,4,1,4,30,0,1
67,140,0,25000,25,14,8,1,2,35,1,1
63,124,0,0,0,12,2,1,0,60,0,0
74,268,1,35000,35,17,6,1,0,43,1,0
73,230,1,38000,38,16,7,5,0,74,1,0
70,200,1,35000,35,13,8,4,0,29,1,0
60,130,0,25000,25,8,8,1,0,76,1,0
67,160,1,30000,30,12,8,6,0,52,1,0
64,136,0,5000,5,12,5,1,2,39,0,1
67,160,1,148000,148,18,1,4,0,38,1,0
70,165,1,30000,30,12,2,1,0,32,1,0
64,120,0,6500,6.5,15,8,6,1,31,0,1
62,95,0,3000,3,16,8,2,7,37,0,1
72,175,1,25000,25,15,8,1,0,75,1,0
66,200,0,0,0,8,1,1,2,53,0,1
69,230,1,23000,23,18,3,6,0,69,1,0
82,175,1,45000,45,18,4,1,1,65,1,1
63,150,0,35000,35,16,8,1,0,36,1,0
68,155,1,40000,40,17,8,6,2,41,1,1
72,180,1,30000,30,14,8,2,1,39,1,1
63,210,0,0,0,14,8,2,7,29,0,1
63,210,0,14000,14,12,6,5,0,37,0,0
64,120,0,26000,26,18,4,2,0,36,1,0
71,195,0,8000,8,12,8,7,7,25,0,1
64,123,0,24000,24,16,8,6,4,27,1,1
72,135,1,0,0,8,5,5,0,20,0,0
62,125,0,0,0,12,8,2,7,25,0,1
66,180,0,0,0,10,8,5,3,38,0,1
72,200,1,15000,15,12,1,1,0,40,0,0
66,140,1,5124,5.124,8,1,1,3,67,0,1
61,110,0,10000,10,15,2,4,3,25,0,1
64,165,0,5000,5,7,5,1,1,38,0,1
62,111,0,5000,5,13,8,5,0,20,0,0
69,125,0,0,0,13,8,7,1,19,0,1
68,145,0,12000,12,16,7,1,7,32,0,1
66,155,0,0,0,12,5,7,7,23,0,1
68,180,1,50000,50,17,7,6,0,34,1,0
71,158,1,136500,136.5,16,5,5,0,41,1,0
64,125,0,23000,23,13,4,2,1,26,1,1
61,118,0,0,0,16,7,1,1,40,0,1
68,155,0,25000,25,12,4,1,0,69,1,0
63,174,0,5000,5,9,5,1,0,69,0,0
65,138,0,5000,5,12,8,1,1,91,0,1
64,110,0,5000,5,12,8,1,5,18,0,1
65,130,0,15000,15,12,8,7,0,38,0,0
64,125,0,5000,5,14,7,2,0,19,0,0
66,130,1,40000,40,14,8,7,0,34,1,0
62,124,0,6000,6,13,7,1,7,26,0,1
71,170,1,100000,100,18,8,5,0,77,1,0
65,160,0,5000,5,16,8,1,7,30,0,1
64,190,0,45000,45,8,8,1,7,52,1,1
60,120,0,25000,25,12,8,5,0,26,1,0
66,156,1,110000,110,18,5,5,0,37,1,0
61,102,0,25000,25,13,8,4,2,37,1,1
72,145,1,41000,41,13,8,7,0,32,1,0
70,145,0,25000,25,12,5,6,0,55,1,0
63,130,0,23000,23,13,4,4,0,78,1,0
68,132,0,15000,15,14,8,5,0,78,0,0
63,120,0,0,0,12,7,5,7,32,0,1
70,165,1,21000,21,12,8,7,1,23,1,1
62,150,0,4000,4,12,5,1,7,29,0,1
71,280,1,25000,25,12,8,4,0,36,1,0
70,170,1,30000,30,18,4,7,1,46,1,1
64,159,0,14000,14,11,8,1,0,51,0,0
63,115,0,6000,6,12,3,2,7,35,0,1
65,144,0,14000,14,12,2,1,0,46,0,0
71,175,1,43000,43,12,1,6,6,27,1,1
62,128,0,25000,25,15,8,5,7,33,1,1
73,195,1,40000,40,12,8,1,0,66,1,0
64,135,0,25000,25,16,8,1,0,73,1,0
68,220,1,65000,65,17,5,5,3,40,1,1
76,210,1,16000,16,15,3,4,0,32,0,0
73,196,1,136500,136.5,16,1,1,0,65,1,0
70,160,1,87000,87,18,1,6,0,54,1,0
66,120,0,8000,8,12,8,1,0,71,0,0
68,140,1,45000,45,12,8,1,0,74,1,0
61,180,0,8000,8,11,1,1,0,72,0,0
65,185,0,15000,15,10,3,1,0,71,0,0
66,130,1,12000,12,12,5,4,0,28,0,0
63,132,0,8000,8,14,5,5,0,31,0,0
63,105,0,16000,16,15,1,1,2,32,0,1
74,170,1,6000,6,15,7,1,7,73,0,1
66,160,0,136500,136.5,12,4,7,1,45,1,1
70,180,1,19000,19,12,8,6,0,32,1,0
68,155,0,21000,21,13,6,3,5,39,1,1
70,131,0,43000,43,18,7,3,1,46,1,1
69,190,1,35000,35,15,7,7,0,21,1,0
70,175,1,8000,8,10,8,2,0,75,0,0
63,125,0,21000,21,14,7,1,1,41,1,1
65,135,0,5800,5.8,12,8,5,5,30,0,1
69,185,1,17000,17,12,5,1,0,46,1,0
65,120,0,45000,45,12,2,2,2,42,1,1
68,140,1,24000,24,14,4,3,2,49,1,1
62,140,0,5000,5,11,1,1,3,71,0,1
70,185,1,62000,62,11,1,1,0,48,1,0
66,150,0,11000,11,12,8,1,3,23,0,1
65,225,1,10000,10,13,5,1,0,27,0,0
70,185,1,40000,40,14,4,4,0,36,1,0
66,163,0,0,0,12,8,5,0,37,0,0
70,170,1,40000,40,12,8,4,0,47,1,0
66,165,0,24000,24,14,8,2,3,29,1,1
68,160,1,50000,50,18,8,7,0,34,1,0
68,160,1,24000,24,16,1,3,0,26,1,0
68,120,1,20000,20,16,8,3,0,33,1,0
63,120,0,15000,15,16,8,5,0,23,0,0
70,195,1,60000,60,18,3,1,0,50,1,0
65,155,0,11000,11,13,5,1,0,47,0,0
64,115,0,5000,5,15,8,2,7,40,0,1
63,113,0,136500,136.5,17,8,6,0,84,1,0
69,180,1,87000,87,18,8,5,5,39,1,1
65,135,0,27000,27,16,7,5,0,30,1,0
77,241,1,89000,89,16,8,1,2,41,1,1
70,175,1,40000,40,14,8,4,2,28,1,1
64,120,0,15000,15,16,8,7,0,26,0,0
64,130,0,1000,1,14,8,6,0,20,0,0
62,180,0,0,0,12,4,1,7,28,0,1
64,184,0,12000,12,8,1,1,0,48,0,0
63,125,0,22000,22,16,4,2,2,28,1,1
58,180,0,40000,40,12,8,1,0,56,1,0
73,182,1,25000,25,10,2,6,2,55,1,1
66,182,0,0,0,12,8,6,0,58,0,0
64,120,0,62000,62,16,7,7,3,40,1,1
62,150,0,40000,40,16,5,1,0,44,1,0
61,123,0,0,0,13,6,7,0,42,0,0
64,113,0,35000,35,14,4,2,0,53,1,0
64,119,0,7000,7,12,8,1,0,28,0,0
70,190,1,25000,25,14,8,1,0,40,1,0
62,118,0,14000,14,12,6,2,0,37,0,0
62,120,0,5000,5,12,8,1,1,20,0,1
64,150,0,15000,15,12,2,1,0,56,0,0
66,240,0,0,0,14,1,1,0,31,0,0
66,150,0,6000,6,13,7,6,0,34,0,0
69,223,0,11000,11,12,1,1,7,41,0,1
64,132,0,10000,10,13,4,1,0,31,0,0
62,168,0,0,0,12,8,1,1,59,0,1
62,118,0,5000,5,12,4,4,4,32,0,1
71,193,1,20000,20,14,8,5,2,41,1,1
59,108,0,35000,35,12,7,1,0,56,1,0
62,155,0,7000,7,12,4,1,0,73,0,0
68,185,1,38000,38,9,8,2,1,46,1,1
68,175,1,29000,29,9,4,1,1,58,1,1
62,122,0,20000,20,10,4,1,0,44,1,0
63,160,0,8000,8,12,4,1,0,57,0,0
69,175,1,36000,36,16,8,1,0,51,1,0
67,228,0,1500,1.5,12,7,7,1,44,0,1
64,135,0,42000,42,18,6,5,1,29,1,1
68,135,0,35000,35,17,8,1,1,44,1,1
70,165,1,25000,25,12,1,7,0,22,1,0
76,150,1,5000,5,9,3,6,0,18,0,0
69,140,1,13000,13,10,1,1,0,20,0,0
66,133,0,20000,20,11,4,1,0,64,1,0
66,98,0,10000,10,12,8,1,1,71,0,1
72,194,1,50000,50,15,8,5,3,49,1,1
69,145,1,30000,30,11,8,1,0,51,1,0
69,160,1,7000,7,12,7,6,0,23,0,0
62,118,0,15000,15,12,8,1,0,82,0,0
60,200,0,31000,31,12,8,1,7,48,1,1
66,149,0,15000,15,12,2,2,3,42,0,1
60,135,0,0,0,18,2,1,4,41,0,1
67,170,1,50000,50,16,7,2,1,49,1,1
67,120,0,5000,5,11,1,1,3,18,0,1
66,140,1,5000,5,15,8,7,0,20,0,0
70,150,0,600,0.6,12,7,6,3,18,0,1
64,150,0,14000,14,8,8,1,0,51,0,0
60,105,0,40000,40,18,8,1,0,35,1,0
68,170,1,24000,24,18,5,7,5,36,1,1
66,150,0,25000,25,12,8,1,0,59,1,0
73,180,1,22000,22,12,1,5,7,24,1,1
72,215,1,20000,20,8,4,1,1,36,1,1
64,145,0,20112,20.112,12,8,5,3,38,1,1
67,135,1,12000,12,13,7,1,1,67,0,1
71,180,1,15000,15,8,8,6,0,37,0,0
70,221,1,20000,20,18,7,7,0,69,1,0
66,129,0,5000,5,8,4,1,0,44,0,0
67,140,0,41000,41,13,7,1,1,40,1,1
71,155,1,13000,13,9,8,1,0,50,0,0
63,136,0,0,0,12,5,5,3,25,0,1
73,170,1,60000,60,16,1,4,0,31,1,0
70,155,1,24000,24,16,8,7,4,25,1,1
70,165,1,38000,38,16,1,7,6,36,1,1
71,128,0,3000,3,14,3,2,4,27,0,1
66,110,0,13000,13,12,4,2,0,30,0,0
75,160,1,5000,5,12,1,2,2,21,0,1
60,92,0,20000,20,14,4,5,5,37,1,1
72,230,1,22000,22,12,4,7,5,28,1,1
70,256,0,35000,35,14,1,1,2,40,1,1
63,118,0,0,0,16,3,7,1,23,0,1
75,230,1,28000,28,9,8,4,0,55,1,0
60,110,0,22000,22,12,6,3,7,41,1,1
73,186,1,30000,30,12,8,5,1,44,1,1
65,165,1,5000,5,6,8,1,0,70,0,0
65,210,0,30000,30,12,2,1,7,32,1,1
63,135,0,35000,35,17,8,1,0,63,1,0
67,140,1,30000,30,16,8,4,0,31,1,0
61,130,0,32000,32,12,8,1,0,69,1,0
69,135,0,26000,26,17,6,5,4,43,1,1
64,144,0,22000,22,14,4,6,1,34,1,1
62,190,0,15000,15,14,5,1,0,72,0,0
70,150,1,25000,25,12,6,5,0,33,1,0
68,147,0,11000,11,10,8,3,7,24,0,1
67,140,1,15000,15,12,8,1,0,33,0,0
62,130,0,13000,13,12,5,1,1,53,0,1
64,180,0,10000,10,15,7,7,1,42,0,1
68,110,0,0,0,12,1,1,7,24,0,1
72,200,1,35000,35,16,8,6,0,32,1,0
68,120,0,12000,12,12,4,4,0,45,0,0
64,130,0,25000,25,17,6,1,7,38,1,1
66,130,1,0,0,13,5,7,0,57,0,0
64,118,0,7000,7,11,8,1,0,64,0,0
73,230,1,57000,57,14,2,1,0,37,1,0
73,210,1,36000,36,16,8,4,2,37,1,1
69,175,1,29000,29,14,7,6,4,29,1,1
68,133,0,8000,8,13,8,4,2,19,0,1
71,125,1,3000,3,11,8,1,4,18,0,1
63,160,0,0,0,12,5,2,0,64,0,0
66,205,0,20000,20,16,8,1,0,41,1,0
66,158,0,0,0,12,8,1,3,36,0,1
66,173,1,33000,33,12,7,4,1,57,1,1
68,210,0,15000,15,12,8,1,0,68,0,0
70,235,1,16000,16,12,1,1,1,33,0,1
62,148,0,5000,5,12,6,7,2,78,0,1
66,142,0,8000,8,14,5,4,3,43,0,1
63,122,0,32000,32,16,4,1,3,34,1,1
75,175,1,14500,14.5,12,1,3,0,24,0,0
67,125,0,13000,13,12,2,2,6,29,0,1
68,115,1,5000,5,16,4,5,0,27,0,0
62,125,0,0,0,10,8,7,2,20,0,1
70,200,0,5000,5,11,4,1,1,57,0,1
63,160,0,7000,7,9,7,4,1,25,0,1
65,126,0,50000,50,18,7,1,0,65,1,0
69,185,0,12000,12,12,8,2,3,35,0,1
71,209,1,19000,19,14,8,6,0,61,1,0
62,110,0,9000,9,12,8,7,0,55,0,0
64,110,0,25000,25,12,2,2,4,38,1,1
65,130,0,20000,20,12,8,1,2,35,1,1
72,170,1,55000,55,18,1,1,0,35,1,0
62,145,0,15000,15,12,2,1,0,71,0,0
75,190,1,45000,45,18,6,7,4,31,1,1
65,120,0,10000,10,12,8,7,0,40,0,0
65,142,0,15000,15,12,8,1,0,67,0,0
63,113,0,13000,13,12,2,2,0,19,0,0
66,120,0,45000,45,18,7,7,0,30,1,0
64,110,0,20000,20,13,1,1,7,31,1,1
68,116,0,45000,45,16,6,2,6,29,1,1
72,185,1,30000,30,12,8,6,0,26,1,0
64,110,0,12000,12,12,8,1,1,34,0,1
70,125,0,26000,26,13,7,2,2,33,1,1
65,115,0,12500,12.5,12,3,6,1,27,0,1
64,130,0,8000,8,12,2,1,1,29,0,1
64,120,0,15000,15,16,2,6,7,32,0,1
67,207,1,65000,65,14,2,7,1,25,1,1
73,175,1,25000,25,10,8,6,6,21,1,1
73,185,1,8000,8,14,4,6,1,21,0,1
65,110,1,15000,15,14,7,4,1,21,0,1
64,160,0,12000,12,16,4,1,1,40,0,1
72,195,1,35000,35,12,8,1,2,42,1,1
67,140,0,35000,35,13,5,6,2,37,1,1
67,162,1,40000,40,16,7,6,0,31,1,0
66,140,0,15000,15,14,7,2,1,24,0,1
74,145,1,29000,29,12,8,4,0,22,1,0
60,114,0,5000,5,10,8,1,0,74,0,0
64,96,0,15000,15,12,5,4,7,33,0,1
63,175,0,15000,15,13,4,2,1,31,0,1
74,250,1,20000,20,12,4,2,1,36,1,1
74,205,1,3000,3,6,8,5,0,62,0,0
63,120,0,1000,1,16,8,2,5,19,0,1
62,140,0,8000,8,11,3,2,7,23,0,1
62,103,0,5000,5,12,4,6,1,18,0,1
67,160,0,25000,25,16,8,5,2,27,1,1
75,219,1,5000,5,13,7,5,0,22,0,0
69,163,1,20000,20,12,7,4,0,57,1,0
65,133,0,15000,15,12,2,1,0,26,0,0
73,150,1,30000,30,12,2,2,0,34,1,0
63,200,0,12000,12,12,1,1,0,35,0,0
60,120,0,0,0,12,7,1,7,34,0,1
65,122,0,15000,15,14,8,7,2,38,0,1
64,145,1,5000,5,14,4,1,0,34,0,0
64,130,0,15000,15,10,5,2,1,59,0,1
64,135,0,25000,25,18,8,1,0,78,1,0
67,210,0,10000,10,14,7,1,1,32,0,1
69,140,1,16000,16,12,8,1,0,19,0,0
71,185,1,45000,45,12,2,5,0,29,1,0
72,170,1,40000,40,14,5,5,0,54,1,0
72,200,1,15000,15,12,8,6,1,26,0,1
63,140,0,0,0,12,4,1,7,62,0,1
66,152,0,20000,20,13,8,5,0,33,1,0
70,125,1,25000,25,14,3,1,0,81,1,0
64,145,0,19000,19,14,7,5,0,52,1,0
64,128,0,17600,17.6,16,2,2,3,30,1,1
68,155,1,7000,7,12,8,1,0,67,0,0
74,207,1,30000,30,12,5,4,2,32,1,1
62,125,0,18000,18,11,1,1,0,47,1,0
63,135,0,15000,15,8,7,1,0,41,0,0
65,135,0,25000,25,16,4,2,2,47,1,1
66,155,0,0,0,14,6,1,1,55,0,1
60,120,0,6000,6,5,8,1,7,62,0,1
69,170,1,70000,70,18,7,6,0,42,1,0
61,115,0,15000,15,16,5,1,0,34,0,0
68,140,1,15000,15,12,8,1,0,61,0,0
65,135,0,25000,25,17,8,1,0,33,1,0
66,120,0,35000,35,16,4,6,0,28,1,0
70,155,1,18000,18,16,5,3,0,24,1,0
72,165,1,28000,28,15,2,6,0,30,1,0
66,160,0,35000,35,12,8,1,0,49,1,0
67,150,1,25000,25,12,8,4,1,23,1,1
64,135,0,15000,15,11,8,6,0,21,0,0
71,172,1,22000,22,14,7,2,0,28,1,0
63,128,0,0,0,12,8,6,0,29,0,0
73,190,1,35000,35,12,3,3,0,30,1,0
64,140,0,18000,18,15,1,6,0,46,1,0
68,150,1,35000,35,14,7,5,0,37,1,0
64,115,0,16400,16.4,12,4,1,5,21,1,1
66,135,1,22000,22,16,1,1,1,37,1,1
67,128,0,30000,30,16,4,1,0,58,1,0
64,135,0,17000,17,12,4,5,2,27,1,1
64,147,0,25000,25,14,8,6,7,36,1,1
62,138,0,10000,10,12,6,1,3,51,0,1
69,180,1,40000,40,12,1,3,1,37,1,1
63,125,0,12500,12.5,12,2,1,0,63,0,0
63,180,0,15000,15,12,1,1,0,77,0,0
63,135,0,10000,10,12,7,3,7,30,0,1
72,195,1,35000,35,15,1,1,3,45,1,1
61,93,0,0,0,16,8,6,2,23,0,1
75,202,1,105000,105,12,2,2,1,49,1,1
71,160,1,25000,25,12,2,1,1,27,1,1
70,170,1,100000,100,18,8,7,1,40,1,1
60,130,0,25000,25,12,1,1,0,61,1,0
69,158,1,21000,21,12,1,1,0,51,1,0
64,200,0,10000,10,14,1,1,7,56,0,1
72,222,1,33000,33,12,2,1,3,26,1,1
69,149,1,26000,26,18,1,7,0,25,1,0
63,136,0,60000,60,10,7,1,0,78,1,0
64,110,0,15000,15,16,8,5,0,84,0,0
71,235,1,18000,18,16,7,7,1,45,1,1
59,105,0,15000,15,8,8,1,0,61,0,0
68,170,1,5000,5,13,6,4,0,20,0,0
77,270,1,60000,60,17,8,2,0,42,1,0
68,150,0,12000,12,14,8,1,3,69,0,1
70,140,1,28000,28,18,8,1,0,38,1,0
69,154,1,42000,42,18,5,6,0,43,1,0
63,103,0,2000,2,12,8,1,0,33,0,0
65,147,0,10000,10,16,1,1,1,54,0,1
73,190,1,20000,20,18,8,6,0,33,1,0
66,145,1,28000,28,15,8,1,0,40,1,0
72,212,1,10000,10,17,4,2,0,62,0,0
66,164,1,0,0,16,8,1,0,65,0,0
72,161,1,31000,31,12,8,6,7,31,1,1
69,172,0,17000,17,13,7,1,4,37,1,1
67,220,0,16000,16,12,4,1,3,39,0,1
66,170,0,35000,35,15,8,1,0,38,1,0
67,111,0,3000,3,12,4,1,7,26,0,1
68,149,0,5000,5,11,7,6,1,78,0,1
72,155,1,25000,25,10,1,1,0,51,1,0
68,150,0,16000,16,18,8,6,4,39,0,1
65,120,0,35000,35,15,8,7,3,42,1,1
62,140,0,27000,27,17,5,1,0,33,1,0
69,155,1,25000,25,17,5,5,1,29,1,1
62,200,0,0,0,14,8,1,1,78,0,1
70,145,1,40000,40,16,4,4,1,41,1,1
66,151,0,45000,45,16,5,2,0,43,1,0
66,185,1,14000,14,12,7,1,2,23,0,1
66,200,0,25000,25,14,8,1,0,37,1,0
72,230,1,40000,40,12,7,5,0,42,1,0
69,187,1,34000,34,12,6,1,0,35,1,0
66,205,1,40000,40,12,7,2,0,34,1,0
71,190,1,25000,25,16,6,1,0,83,1,0
69,165,1,35000,35,14,1,7,0,28,1,0
60,104,0,12000,12,12,8,1,0,51,0,0
62,180,0,23000,23,12,2,1,6,40,1,1
67,150,0,2000,2,12,4,2,3,30,0,1
67,175,1,20000,20,14,8,6,0,25,1,0
68,240,0,10000,10,9,3,1,0,62,0,0
65,175,0,0,0,6,1,1,4,67,0,1
63,115,0,25000,25,16,2,1,0,33,1,0
64,210,0,5000,5,12,1,1,7,19,0,1
66,150,0,5000,5,11,8,1,0,64,0,0
66,160,0,60000,60,16,8,1,0,43,1,0
74,170,1,12000,12,16,4,1,3,41,0,1
65,157,0,25000,25,18,2,1,1,61,1,1
63,180,0,22000,22,14,2,1,0,73,1,0
62,130,0,0,0,12,4,1,2,38,0,1
68,165,1,8000,8,17,2,2,0,25,0,0
66,124,0,2000,2,16,7,6,1,21,0,1
64,110,0,5000,5,14,8,2,0,30,0,0
61,130,0,10000,10,13,7,1,0,20,0,0
65,122,0,18600,18.6,16,6,6,0,26,1,0
62,120,0,20000,20,14,8,7,0,20,1,0
73,200,1,100000,100,18,2,1,0,37,1,0
62,135,0,50000,50,15,1,1,2,40,1,1
70,170,1,27000,27,12,6,5,1,42,1,1
58,100,0,1000,1,12,8,1,0,58,0,0
68,145,1,18000,18,12,4,2,4,20,1,1
67,140,0,17000,17,14,4,1,7,23,1,1
64,180,0,10000,10,12,8,1,0,74,0,0
70,208,1,14000,14,14,1,1,0,35,0,0
72,200,1,7200,7.2,14,8,1,0,66,0,0
63,130,0,0,0,8,4,1,3,52,0,1
63,112,0,33000,33,17,7,2,0,39,1,0
66,180,1,23000,23,12,1,1,0,34,1,0
65,138,0,10000,10,12,4,1,0,41,0,0
61,124,1,22000,22,12,2,6,2,24,1,1
61,110,0,13000,13,12,7,1,2,19,0,1
67,150,0,33000,33,12,8,6,3,31,1,1
73,250,1,36000,36,12,7,1,0,36,1,0
66,180,0,10000,10,10,8,1,0,64,0,0
71,185,0,10000,10,14,4,1,0,32,0,0
64,145,0,6000,6,12,5,3,1,60,0,1
70,199,1,25000,25,11,8,1,0,63,1,0
67,165,0,12000,12,12,8,5,3,43,0,1
62,190,0,10000,10,11,5,1,1,47,0,1
67,131,0,21000,21,12,6,1,2,45,1,1
69,210,1,26000,26,12,5,1,1,32,1,1
66,170,0,22000,22,12,8,1,0,50,1,0
66,155,0,23000,23,15,4,1,0,54,1,0
66,150,1,20000,20,15,8,7,1,24,1,1
66,130,0,10000,10,13,4,1,0,38,0,0
64,137,0,15000,15,12,2,1,0,71,0,0
72,190,1,7000,7,14,5,5,1,24,0,1
64,195,0,15000,15,12,7,1,2,38,0,1
64,170,0,0,0,12,6,1,2,60,0,1
65,160,0,26000,26,16,1,1,0,34,1,0
72,150,1,10000,10,11,7,5,0,31,0,0
63,150,0,0,0,8,1,1,0,57,0,0
71,185,1,3000,3,14,8,5,1,20,0,1
64,135,0,27000,27,17,2,2,1,41,1,1
70,190,1,25000,25,16,5,4,0,52,1,0
66,125,0,35000,35,18,8,1,0,39,1,0
64,112,0,28000,28,17,5,7,7,25,1,1
69,154,0,25000,25,12,1,7,1,22,1,1
67,123,0,15000,15,12,8,6,1,27,0,1
75,178,1,55000,55,18,8,7,0,30,1,0
66,125,0,20000,20,17,8,7,0,26,1,0
67,125,0,8500,8.5,12,8,1,0,44,0,0
68,132,0,0,0,12,1,1,0,58,0,0
67,142,0,15000,15,13,5,2,0,31,0,0
75,214,1,30000,30,8,6,5,0,41,1,0
71,175,1,30000,30,16,1,1,0,30,1,0
62,175,0,0,0,12,8,1,0,66,0,0
68,180,0,5000,5,13,6,7,2,54,0,1
67,124,0,5000,5,14,2,3,0,18,0,0
68,135,0,20000,20,12,7,7,1,31,1,1
70,183,0,20000,20,15,7,1,1,57,1,1
70,151,1,22000,22,6,5,1,0,75,1,0
67,145,1,25000,25,16,1,6,0,26,1,0
64,122,0,0,0,16,1,1,0,62,0,0
64,140,0,5000,5,12,7,2,3,33,0,1
65,120,0,15000,15,12,8,1,0,64,0,0
71,160,1,3000,3,8,8,4,2,22,0,1
63,137,0,16000,16,12,6,1,0,49,0,0
70,175,1,30000,30,14,8,6,1,27,1,1
64,126,0,0,0,12,8,1,0,57,0,0
61,148,0,10000,10,12,1,1,0,39,0,0
65,162,0,15000,15,12,1,5,7,28,0,1
67,170,1,28000,28,12,1,2,0,46,1,0
67,150,0,15000,15,12,2,2,2,45,0,1
59,110,0,5000,5,6,8,1,0,76,0,0
63,135,0,5000,5,12,7,7,7,53,0,1
65,153,1,31500,31.5,14,2,4,0,35,1,0
66,168,1,95000,95,18,7,2,3,52,1,1
68,160,1,45000,45,17,7,1,0,61,1,0
69,150,0,20000,20,12,4,1,0,53,1,0
67,145,1,38000,38,12,1,2,7,40,1,1
72,250,1,10000,10,8,8,1,0,70,0,0
63,139,0,15000,15,16,7,1,0,73,0,0
74,199,1,30000,30,12,8,1,5,41,1,1
74,225,1,35900,35.9,16,4,6,0,42,1,0
66,104,0,12000,12,13,1,7,1,22,0,1
72,165,1,15000,15,15,2,1,7,35,0,1
69,115,0,10000,10,16,2,2,0,25,0,0
66,150,0,45000,45,18,7,5,0,44,1,0
62,175,0,5000,5,12,4,5,3,19,0,1
68,130,1,5000,5,11,8,1,0,25,0,0
74,185,1,40000,40,16,8,6,0,56,1,0
72,180,1,21500,21.5,12,8,6,4,27,1,1
66,132,1,14000,14,12,8,1,4,62,0,1
67,175,1,38000,38,17,7,4,0,54,1,0
65,130,0,1000,1,12,8,7,0,18,0,0
66,240,1,14000,14,12,8,1,4,73,0,1
65,130,0,15000,15,12,8,2,1,31,0,1
64,110,0,15000,15,16,6,2,0,23,0,0
62,132,0,0,0,12,8,1,0,63,0,0
64,160,0,25000,25,12,4,1,0,70,1,0
68,145,0,24000,24,13,7,6,0,42,1,0
64,130,0,4500,4.5,16,8,4,4,23,0,1
64,127,0,18000,18,16,7,5,0,63,1,0
64,115,0,35000,35,12,8,7,0,19,1,0
63,100,0,14000,14,12,2,2,0,20,0,0
69,160,0,10000,10,12,1,1,7,28,0,1
67,150,0,9500,9.5,12,2,1,1,32,0,1
63,140,0,11000,11,15,1,1,0,66,0,0
67,140,1,17000,17,12,8,5,0,67,1,0
60,130,0,6000,6,13,8,6,0,28,0,0
62,140,0,2500,2.5,11,8,1,0,58,0,0
72,163,1,40000,40,16,7,5,0,41,1,0
67,190,0,0,0,14,6,5,2,35,0,1
67,165,1,25000,25,16,8,2,1,39,1,1
68,170,0,15000,15,13,8,1,2,65,0,1
66,170,0,28000,28,15,8,2,0,60,1,0
66,136,0,33000,33,12,8,1,1,45,1,1
68,210,0,5000,5,16,8,4,0,62,0,0
60,149,0,4000,4,8,8,1,7,64,0,1
67,150,0,0,0,12,8,6,7,29,0,1
65,130,1,4100,4.1,16,5,2,0,30,0,0
60,89,1,5000,5,11,1,1,0,76,0,0
69,135,0,25000,25,12,1,1,0,82,1,0
72,205,1,32000,32,12,2,7,0,28,1,0
65,170,1,15000,15,9,8,1,0,40,0,0
69,170,1,15000,15,14,7,3,0,38,0,0
64,140,0,13000,13,8,8,1,0,58,0,0
64,150,1,8000,8,8,1,4,0,27,0,0
62,100,0,0,0,17,1,1,3,26,0,1
65,170,0,0,0,13,5,4,0,56,0,0
64,125,0,17000,17,12,8,2,1,38,1,1
67,137,0,15000,15,12,8,1,0,77,0,0
66,170,1,18000,18,13,8,4,0,32,1,0
73,165,1,12000,12,12,7,7,1,24,0,1
74,295,1,7000,7,7,7,1,1,49,0,1
66,121,0,0,0,12,2,2,2,24,0,1
65,130,0,1200,1.2,14,6,3,1,22,0,1
72,170,1,0,0,12,6,7,0,18,0,0
64,120,0,0,0,12,6,4,2,18,0,1
63,165,1,14000,14,12,1,1,0,21,0,0
63,115,0,17000,17,12,2,1,3,40,1,1
66,150,1,30000,30,12,8,2,3,42,1,1
69,196,1,5000,5,6,8,1,0,61,0,0
72,230,1,0,0,10,1,4,0,63,0,0
64,140,0,62000,62,12,7,1,0,81,1,0
70,260,1,25000,25,12,4,1,0,53,1,0
66,185,0,22000,22,12,5,2,0,33,1,0
63,130,0,15000,15,12,5,4,2,21,0,1
73,210,1,27000,27,12,3,3,3,91,1,1
63,135,0,20000,20,16,3,5,0,26,1,0
69,160,0,9000,9,11,8,7,2,34,0,1
66,120,0,0,0,14,3,5,0,24,0,0
73,168,1,17000,17,12,4,5,0,30,1,0
65,119,0,5000,5,14,8,1,4,21,0,1
71,145,1,15000,15,12,1,1,4,21,0,1
68,160,0,1800,1.8,12,6,1,7,46,0,1
64,145,0,18000,18,12,3,1,1,46,1,1
63,120,0,25000,25,18,8,1,0,42,1,0
66,150,0,5000,5,14,8,6,2,47,0,1
70,220,1,20000,20,16,8,5,2,41,1,1
64,115,0,75000,75,15,7,4,1,40,1,1
66,170,0,3500,3.5,12,6,3,0,40,0,0
61,130,0,36000,36,12,8,1,0,71,1,0
72,210,1,30000,30,12,5,3,3,25,1,1
65,145,0,25000,25,13,1,7,0,78,1,0
64,200,0,1000,1,14,3,1,4,26,0,1
68,187,1,60000,60,12,8,1,0,66,1,0
64,170,0,5000,5,12,1,1,1,73,0,1
74,195,1,35000,35,13,8,1,0,76,1,0
67,160,1,9000,9,13,8,1,0,33,0,0
70,184,1,35000,35,9,7,1,0,84,1,0
66,150,0,11000,11,10,6,1,0,58,0,0
71,180,1,12000,12,12,8,6,0,52,0,0
71,170,1,30000,30,12,7,4,0,43,1,0
71,155,1,19000,19,7,8,1,0,57,1,0
67,215,0,5000,5,12,2,1,0,46,0,0
74,205,1,9000,9,9,1,1,0,61,0,0
75,225,1,30000,30,16,7,2,0,29,1,0
62,118,0,0,0,12,4,1,5,33,0,1
72,150,1,9000,9,12,2,4,2,32,0,1
66,145,0,15000,15,16,6,5,0,30,0,0
65,135,0,8000,8,12,8,5,3,31,0,1
70,175,1,25000,25,8,8,1,7,45,1,1
66,129,0,10000,10,10,4,1,0,75,0,0
72,160,1,33000,33,12,8,4,1,37,1,1
70,175,1,5000,5,10,8,7,0,60,0,0
72,185,0,5000,5,5,1,1,0,83,0,0
64,237,0,15000,15,9,8,1,0,65,0,0
60,140,0,12000,12,12,8,1,7,28,0,1
64,136,0,18000,18,15,3,4,2,37,1,1
61,169,0,5000,5,8,5,1,0,33,0,0
66,181,0,15000,15,12,6,1,0,59,0,0
65,193,0,30000,30,13,7,1,0,61,1,0
65,198,0,12500,12.5,12,5,4,3,32,0,1
62,145,0,10000,10,12,1,1,0,36,0,0
68,212,1,8500,8.5,13,1,1,0,71,0,0
67,205,0,15000,15,13,1,2,0,36,0,0
73,175,1,21000,21,14,8,1,0,46,1,0
63,122,0,0,0,12,8,6,0,29,0,0
64,153,0,21000,21,12,2,1,0,77,1,0
70,210,1,40000,40,12,7,2,0,47,1,0
66,135,0,0,0,13,7,6,0,24,0,0
68,160,0,21000,21,17,4,2,0,25,1,0
63,123,0,0,0,13,2,5,4,39,0,1
66,160,0,5000,5,12,4,1,0,52,0,0
71,153,0,22000,22,17,2,1,2,36,1,1
73,155,1,30000,30,14,8,4,0,26,1,0
64,185,0,0,0,12,3,1,3,28,0,1
61,140,0,123000,123,14,8,3,0,58,1,0
63,190,0,8000,8,9,8,1,4,45,0,1
63,140,0,0,0,9,1,1,1,54,0,1
62,115,0,0,0,8,7,1,0,56,0,0
64,145,0,2000,2,9,3,1,0,25,0,0
67,195,0,7600,7.6,6,5,1,0,62,0,0
67,145,0,0,0,12,1,1,2,18,0,1
66,157,0,5000,5,8,7,1,0,69,0,0
72,160,1,15000,15,14,7,5,2,22,0,1
66,135,0,5000,5,15,1,1,0,27,0,0
66,135,0,15000,15,12,5,1,0,30,0,0
61,114,0,0,0,18,3,1,0,45,0,0
63,138,0,10000,10,12,2,1,4,25,0,1
73,244,1,35000,35,12,8,2,2,48,1,1
64,130,0,15000,15,12,1,1,7,26,0,1
66,158,0,15000,15,16,7,5,0,57,0,0
70,155,0,4000,4,12,8,3,0,22,0,0
68,165,1,16000,16,8,2,6,0,24,0,0
67,128,0,200,0.2,12,7,1,0,33,0,0
74,195,1,23000,23,16,4,4,0,25,1,0
64,123,0,16000,16,16,8,5,2,27,0,1
61,130,0,0,0,12,2,1,1,27,0,1
66,250,0,0,0,12,1,1,0,52,0,0
60,200,0,6000,6,12,2,1,3,49,0,1
59,125,0,600,0.6,9,8,1,0,46,0,0
62,160,0,0,0,16,5,1,1,36,0,1
62,187,0,0,0,14,8,1,2,61,0,1
62,124,0,25000,25,12,7,1,7,21,1,1
62,210,0,0,0,12,1,1,0,25,0,0
75,201,1,28000,28,16,8,6,0,34,1,0
66,160,0,4000,4,8,4,1,2,66,0,1
64,129,1,15000,15,12,8,1,2,35,0,1
71,172,1,15000,15,12,8,7,1,25,0,1
66,150,0,25000,25,18,5,2,0,36,1,0
70,170,1,5000,5,13,1,1,0,61,0,0
61,117,0,0,0,10,2,6,2,35,0,1
63,123,0,25000,25,12,4,5,0,30,1,0
67,117,0,15000,15,12,5,1,1,26,0,1
74,230,0,15000,15,12,4,1,0,49,0,0
69,180,1,40000,40,11,8,7,0,44,1,0
70,255,1,30000,30,11,5,1,0,51,1,0
66,195,0,5000,5,12,8,1,7,29,0,1
74,200,1,35000,35,14,8,7,0,34,1,0
65,200,0,16000,16,14,2,1,3,31,0,1
63,145,0,5000,5,12,3,1,7,36,0,1
64,128,0,28000,28,16,7,7,0,40,1,0
68,206,1,20000,20,15,1,2,7,42,1,1
66,140,1,21000,21,13,8,7,7,30,1,1
69,210,1,17000,17,12,7,4,2,42,1,1
60,115,0,24000,24,13,7,1,0,50,1,0
61,110,0,25000,25,12,8,1,0,75,1,0
75,162,1,40000,40,12,4,7,1,46,1,1
70,220,1,15000,15,9,2,2,0,25,0,0
63,145,0,0,0,9,8,3,7,23,0,1
69,150,1,0,0,13,6,6,0,20,0,0
66,165,0,0,0,16,7,1,0,63,0,0
64,120,0,8000,8,13,7,5,1,19,0,1
63,175,0,19000,19,15,1,1,0,45,1,0
64,178,0,5000,5,12,1,1,0,76,0,0
64,120,0,10000,10,11,8,3,2,36,0,1
67,138,0,45000,45,16,7,6,0,69,1,0
64,145,1,5000,5,17,8,1,0,33,0,0
72,160,1,0,0,14,7,5,0,21,0,0
63,142,0,24000,24,14,4,5,1,40,1,1
67,100,0,5000,5,14,4,5,1,19,0,1
63,155,0,15000,15,14,4,5,1,42,0,1
66,160,1,33000,33,16,7,7,0,34,1,0
65,125,0,24000,24,14,8,1,0,24,1,0
63,135,0,6000,6,13,4,1,0,23,0,0
66,129,0,90000,90,14,6,1,0,55,1,0
64,190,0,0,0,16,6,2,4,45,0,1
64,170,0,57000,57,18,7,6,0,47,1,0
68,125,0,15000,15,14,3,2,0,21,0,0
71,195,1,13800,13.8,14,4,1,1,54,0,1
71,280,1,30000,30,18,4,2,1,37,1,1
72,155,1,15000,15,12,4,3,3,40,0,1
60,115,0,15000,15,14,7,1,0,75,0,0
70,170,1,31000,31,12,8,7,1,29,1,1
74,180,1,33000,33,17,8,7,1,40,1,1
68,175,1,30000,30,18,8,1,0,61,1,0
74,218,1,12000,12,12,2,1,0,38,0,0
75,150,1,5000,5,12,6,1,0,22,0,0
68,171,1,21000,21,12,6,6,0,59,1,0
72,185,1,45000,45,12,8,7,0,59,1,0
63,140,0,28000,28,18,2,4,0,46,1,0
71,225,1,25000,25,9,1,1,0,62,1,0
72,210,1,12000,12,12,3,2,2,31,0,1
64,170,0,19000,19,12,8,2,0,46,1,0
63,200,0,6000,6,14,8,1,6,35,0,1
66,230,0,5300,5.3,13,1,1,0,60,0,0
66,121,0,5000,5,12,1,1,0,21,0,0
61,87,0,15000,15,13,1,4,7,28,0,1
60,110,1,5000,5,2,1,1,0,90,0,0
62,120,0,0,0,12,2,2,3,29,0,1
65,145,0,15000,15,11,6,1,0,59,0,0
73,215,1,17000,17,12,8,1,4,46,1,1
66,165,0,4700,4.7,12,5,1,6,78,0,1
67,139,0,5000,5,12,8,1,0,75,0,0
68,113,0,0,0,12,1,1,0,18,0,0
62,150,0,9500,9.5,12,3,1,0,65,0,0
65,150,1,1700,1.7,12,8,1,1,22,0,1
63,130,0,0,0,14,8,5,1,43,0,1
62,141,0,5400,5.4,12,6,1,1,31,0,1
68,160,1,10000,10,12,7,2,0,31,0,0
59,99,0,25000,25,15,7,1,0,83,1,0
62,180,0,0,0,12,6,3,2,39,0,1
69,165,1,5000,5,13,4,2,0,38,0,0
70,135,0,25000,25,14,8,4,2,33,1,1
66,180,1,15000,15,8,8,1,0,82,0,0
64,102,0,0,0,9,8,1,2,63,0,1
59,120,0,15000,15,12,1,1,0,82,0,0
62,100,0,25000,25,10,8,1,0,73,1,0
68,190,1,30000,30,12,4,2,1,42,1,1
68,157,0,35000,35,16,7,5,2,43,1,1
63,220,0,25000,25,11,4,1,7,46,1,1
63,130,0,28000,28,18,4,2,0,44,1,0
63,100,0,42000,42,12,7,1,5,40,1,1
68,170,1,45000,45,12,8,1,0,58,1,0
64,121,0,55000,55,12,8,7,1,51,1,1
65,128,0,5000,5,15,1,5,0,39,0,0
72,220,1,62000,62,17,6,1,2,55,1,1
70,135,0,36000,36,16,3,2,1,30,1,1
66,140,0,15000,15,12,1,1,0,81,0,0
70,155,1,25000,25,10,8,2,0,31,1,0
72,220,1,19000,19,12,6,5,0,28,1,0
69,165,1,38000,38,11,4,2,0,50,1,0
63,120,0,15000,15,14,8,4,1,37,0,1
58,114,0,4500,4.5,5,1,1,0,85,0,0
63,115,0,96000,96,14,3,7,0,27,1,0
63,115,0,11000,11,12,8,1,0,47,0,0
73,312,1,9000,9,15,8,2,0,34,0,0
69,127,0,5000,5,14,7,7,0,24,0,0
70,160,1,50000,50,12,8,1,0,51,1,0
66,115,0,0,0,12,7,1,0,59,0,0
60,170,0,5000,5,15,8,1,0,56,0,0
66,185,0,0,0,16,8,1,0,62,0,0
65,185,0,6000,6,13,8,1,0,44,0,0
72,180,1,100000,100,13,6,7,7,22,1,1
62,130,0,16500,16.5,13,7,1,1,46,1,1
72,200,1,25000,25,12,8,1,0,54,1,0
69,185,1,0,0,12,8,7,0,18,0,0
65,120,0,15000,15,12,5,6,7,32,0,1
73,134,1,15000,15,14,2,2,0,26,0,0
66,140,0,15000,15,12,8,5,3,40,0,1
72,280,1,32000,32,14,7,1,0,40,1,0
73,230,1,30000,30,18,1,1,0,41,1,0
68,150,0,10000,10,16,4,1,0,42,0,0
59,180,0,15000,15,12,1,1,0,62,0,0
64,128,0,0,0,12,1,1,1,35,0,1
66,125,0,15000,15,12,8,5,0,19,0,0
60,129,0,6500,6.5,8,5,1,0,83,0,0
60,124,0,26000,26,18,6,5,0,63,1,0
65,140,0,17000,17,12,8,3,0,59,1,0
63,150,0,22000,22,18,8,1,0,59,1,0
64,145,0,10000,10,12,8,1,0,41,0,0
71,165,1,50000,50,14,8,7,0,58,1,0
67,162,1,20000,20,12,6,1,0,35,1,0
63,145,0,5000,5,12,3,1,0,67,0,0
67,150,0,0,0,13,1,7,0,59,0,0
63,160,0,400,0.4,12,4,5,3,31,0,1
72,160,1,30000,30,12,7,1,0,67,1,0
65,125,0,16000,16,14,5,1,1,59,0,1
66,112,0,62000,62,14,6,2,1,43,1,1
66,160,0,10000,10,12,3,1,0,66,0,0
63,115,0,14000,14,13,4,6,0,58,0,0
65,112,0,5000,5,15,3,2,5,20,0,1
74,210,1,40000,40,16,5,4,0,34,1,0
67,170,0,5000,5,13,8,1,2,55,0,1
68,185,0,25000,25,17,1,1,0,47,1,0
65,150,0,12000,12,12,2,1,1,51,0,1
64,137,0,58000,58,16,4,7,5,34,1,1
68,128,0,18000,18,16,4,2,1,26,1,1
65,147,1,1000,1,12,7,5,0,18,0,0
72,265,1,21000,21,17,6,7,1,47,1,1
66,158,1,11000,11,12,6,4,0,62,0,0
69,220,1,15000,15,7,6,1,0,77,0,0
64,130,0,13000,13,12,3,1,4,36,0,1
64,140,0,0,0,12,8,1,0,53,0,0
60,110,0,20000,20,16,6,1,0,88,1,0
72,220,1,25000,25,12,5,7,1,35,1,1
70,205,1,5000,5,8,7,1,0,74,0,0
64,130,0,600,0.6,12,5,1,0,43,0,0
67,190,1,25000,25,14,2,4,1,26,1,1
69,178,1,15000,15,12,8,1,1,91,0,1
68,140,1,36000,36,12,2,2,0,28,1,0
64,175,0,15000,15,13,1,1,0,33,0,0
64,142,0,35000,35,14,8,5,3,36,1,1
66,185,0,3500,3.5,12,8,1,0,51,0,0
65,120,0,19005,19.005,16,1,7,1,34,1,1
70,170,1,62000,62,14,1,6,0,54,1,0
69,195,1,62000,62,16,7,1,0,35,1,0
70,135,1,25000,25,12,8,2,1,42,1,1
66,180,1,50000,50,12,8,1,0,52,1,0
64,180,0,0,0,12,1,1,1,28,0,1
66,160,0,0,0,13,5,1,0,26,0,0
66,140,1,40000,40,12,8,6,0,61,1,0
74,190,1,26000,26,18,2,4,1,26,1,1
66,132,0,5000,5,12,8,1,0,72,0,0
62,120,0,22000,22,12,2,2,0,48,1,0
66,164,0,21000,21,17,8,1,1,39,1,1
62,198,0,6108,6.108,12,1,1,0,65,0,0
65,145,0,30000,30,18,8,4,3,64,1,1
66,165,0,15000,15,11,8,1,3,68,0,1
64,160,0,15000,15,12,2,2,0,79,0,0
63,129,0,6000,6,12,1,1,0,78,0,0
66,150,0,15000,15,8,6,1,0,75,0,0
71,173,1,27000,27,16,7,1,2,29,1,1
64,150,0,5000,5,10,2,1,0,26,0,0
66,160,0,4000,4,16,7,1,7,42,0,1
62,165,0,4416,4.416,6,5,1,2,72,0,1
66,144,0,5000,5,12,3,1,0,39,0,0
64,225,0,5000,5,9,3,1,7,62,0,1
62,130,0,0,0,12,8,6,0,76,0,0
63,125,0,5000,5,10,8,1,0,87,0,0
65,153,0,0,0,9,1,1,0,75,0,0
67,175,1,45000,45,18,1,7,0,40,1,0
61,130,0,18000,18,14,5,1,3,45,1,1
66,125,0,6000,6,15,8,6,0,22,0,0
61,155,0,0,0,12,7,1,1,49,0,1
72,200,1,14000,14,12,4,4,0,24,0,0
69,125,0,35000,35,14,1,1,7,24,1,1
64,120,0,15000,15,16,8,6,0,29,0,0
63,126,0,12000,12,12,6,3,2,29,0,1
60,175,0,1000,1,12,5,7,7,47,0,1
70,195,1,32000,32,15,2,2,1,33,1,1
66,155,0,15000,15,15,8,3,0,25,0,0
69,210,1,62000,62,17,8,7,4,36,1,1
72,140,1,5000,5,12,5,6,0,20,0,0
73,185,1,1500,1.5,12,8,6,1,19,0,1
64,130,0,30000,30,12,8,6,0,18,1,0
66,138,0,5000,5,13,8,1,0,19,0,0
65,150,0,3000,3,16,3,1,0,23,0,0
71,165,1,35000,35,15,8,2,0,42,1,0
64,135,0,35000,35,12,7,5,7,42,1,1
63,114,0,0,0,12,4,4,0,45,0,0
63,132,0,0,0,16,7,6,7,29,0,1
72,175,1,70000,70,15,4,1,0,48,1,0
67,140,0,21000,21,16,4,7,4,28,1,1
69,145,1,50000,50,11,2,5,1,18,1,1
71,175,1,15000,15,9,8,7,3,21,0,1
68,132,1,0,0,10,2,2,5,18,0,1
64,140,0,15000,15,12,1,1,0,30,0,0
73,172,1,0,0,12,5,7,2,20,0,1
62,142,0,5000,5,9,8,1,7,63,0,1
66,150,0,9000,9,8,2,1,0,35,0,0
68,190,1,25000,25,12,1,1,0,37,1,0
64,185,0,15000,15,14,6,1,0,63,0,0
63,140,0,10000,10,14,8,5,1,25,0,1
65,125,0,0,0,12,6,1,1,60,0,1
66,140,0,5000,5,18,6,6,1,43,0,1
64,126,1,87000,87,12,8,1,1,81,1,1
71,175,1,30000,30,12,4,1,0,47,1,0
72,185,1,16000,16,14,5,7,0,21,0,0
68,135,1,20000,20,12,8,2,0,51,1,0
64,142,0,0,0,12,2,1,0,45,0,0
72,185,1,100000,100,17,5,1,0,54,1,0
72,240,1,62000,62,12,6,1,1,69,1,1
66,133,0,10000,10,12,6,1,0,43,0,0
72,147,0,62000,62,18,1,1,0,35,1,0
66,200,1,35000,35,14,7,2,0,63,1,0
65,135,0,7000,7,16,8,4,2,31,0,1
65,230,0,0,0,12,1,1,1,62,0,1
66,165,0,0,0,12,1,1,0,52,0,0
65,230,0,0,0,11,2,4,7,38,0,1
71,180,1,8000,8,14,1,6,0,27,0,0
74,270,1,11000,11,10,5,1,0,50,0,0
70,217,1,25000,25,9,8,7,1,47,1,1
64,130,0,25000,25,14,4,1,0,45,1,0
69,175,1,30000,30,14,1,1,1,48,1,1
63,120,0,15000,15,12,1,1,7,29,0,1
66,130,1,0,0,12,6,5,3,26,0,1
63,105,0,48000,48,18,4,7,0,34,1,0
68,145,0,17000,17,12,2,1,0,46,1,0
66,180,1,15000,15,12,4,1,0,69,0,0
78,200,1,25000,25,12,4,2,0,64,1,0
71,111,0,0,0,8,8,1,0,70,0,0
73,167,1,26000,26,16,8,7,0,24,1,0
69,165,1,25000,25,12,8,1,0,32,1,0
63,185,0,10000,10,12,7,2,1,61,0,1
62,130,0,25000,25,18,6,1,0,50,1,0
65,125,0,0,0,11,7,1,0,57,0,0
71,180,1,60000,60,18,8,5,0,53,1,0
65,115,0,22000,22,18,7,5,0,29,1,0
62,129,0,5000,5,12,5,6,0,20,0,0
70,180,1,15000,15,12,8,1,1,77,0,1
64,145,0,5000,5,12,3,7,0,64,0,0
72,215,1,15000,15,16,8,1,7,44,0,1
64,145,0,6200,6.2,13,5,1,0,83,0,0
65,132,0,24000,24,16,2,2,7,32,1,1
71,143,1,20000,20,14,8,7,2,40,1,1
70,150,0,7000,7,14,6,1,0,30,0,0
73,155,1,0,0,12,1,6,1,19,0,1
67,115,0,5000,5,15,4,1,1,29,0,1
62,121,0,15000,15,12,7,6,0,60,0,0
68,275,0,30000,30,16,8,1,3,48,1,1
66,130,0,23000,23,18,8,7,3,28,1,1
64,130,0,20000,20,12,2,1,0,40,1,0
66,170,0,3000,3,16,8,6,1,29,0,1
63,135,0,0,0,12,4,7,5,31,0,1
70,140,1,30000,30,16,2,4,0,41,1,0
64,130,0,12000,12,14,8,5,1,23,0,1
66,150,0,35000,35,5,1,1,7,73,1,1
66,126,0,0,0,7,8,1,4,41,0,1
63,140,0,0,0,10,2,1,4,37,0,1
71,190,1,40000,40,12,8,4,0,38,1,0
64,150,0,15000,15,14,4,1,5,23,0,1
63,153,0,36000,36,16,4,1,7,45,1,1
66,145,0,10000,10,12,1,1,0,53,0,0
63,225,0,0,0,11,4,1,0,65,0,0
68,120,0,13000,13,14,7,1,0,48,0,0
65,265,0,0,0,12,1,1,7,59,0,1
61,120,0,0,0,14,6,5,2,41,0,1
62,128,0,10000,10,12,2,1,6,27,0,1
69,175,1,30000,30,12,4,4,0,37,1,0
69,170,1,5000,5,11,5,5,1,18,0,1
65,140,0,25000,25,12,3,5,2,33,1,1
64,150,1,23000,23,13,8,1,0,32,1,0
70,180,1,20000,20,17,8,4,0,68,1,0
65,130,0,19000,19,13,2,1,1,82,1,1
68,149,0,62000,62,16,6,7,1,60,1,1
61,132,1,20000,20,11,7,7,0,66,1,0
64,180,1,28000,28,14,5,7,0,63,1,0
65,119,0,13000,13,10,8,1,7,80,0,1
64,185,1,12000,12,12,8,1,0,75,0,0
63,135,0,25000,25,18,1,1,6,36,1,1
69,140,1,20000,20,11,8,1,0,23,1,0
66,185,0,15000,15,14,8,1,0,62,0,0
61,123,0,15000,15,8,4,1,0,78,0,0
74,190,1,25000,25,12,8,5,0,30,1,0
68,165,0,25000,25,13,5,6,0,52,1,0
68,155,0,0,0,12,2,7,1,34,0,1
65,205,0,0,0,14,4,1,2,41,0,1
67,132,0,18000,18,16,7,5,7,40,1,1
65,115,0,0,0,12,8,7,7,18,0,1
64,120,0,0,0,18,4,1,0,46,0,0
62,170,0,6000,6,10,4,1,1,68,0,1
72,160,1,16000,16,13,8,6,7,23,0,1
73,175,1,45000,45,16,4,1,0,38,1,0
60,115,0,15000,15,12,5,7,2,30,0,1
70,172,1,25000,25,14,6,1,1,69,1,1
64,145,0,12000,12,14,5,2,5,38,0,1
68,160,0,2000,2,12,2,5,0,18,0,0
63,110,0,10000,10,12,4,6,0,18,0,0
71,185,1,14000,14,12,8,1,7,36,0,1
64,200,0,15000,15,12,8,1,0,31,0,0
67,200,0,0,0,11,8,7,0,37,0,0
60,140,0,10000,10,12,2,1,0,39,0,0
64,180,0,5000,5,10,1,1,0,70,0,0
66,157,0,1200,1.2,4,3,1,4,64,0,1
64,155,0,25000,25,12,8,1,0,74,1,0
59,113,0,15000,15,14,1,2,0,62,0,0
63,150,0,10000,10,13,8,1,1,64,0,1
66,140,1,2000,2,12,8,7,7,18,0,1
66,125,0,0,0,12,3,2,7,35,0,1
70,140,1,5000,5,8,8,1,0,58,0,0
64,145,0,10000,10,14,3,2,3,32,0,1
66,123,0,15000,15,12,6,1,0,28,0,0
61,96,0,5000,5,16,7,6,0,22,0,0
66,108,0,1500,1.5,12,8,1,1,23,0,1
66,145,1,18000,18,17,8,7,0,26,1,0
73,175,1,4000,4,15,5,5,0,24,0,0
72,150,1,28000,28,16,7,5,0,26,1,0
74,180,0,10000,10,14,8,6,0,22,0,0
65,118,0,3000,3,16,8,5,1,22,0,1
64,110,0,0,0,14,5,5,3,31,0,1
62,125,0,25000,25,18,8,1,1,68,1,1
71,240,1,12000,12,12,3,3,1,21,0,1
62,147,0,15000,15,12,2,1,0,77,0,0
68,158,0,19000,19,13,8,1,0,45,1,0
61,235,0,0,0,12,2,1,2,33,0,1
70,184,1,36000,36,16,2,1,1,39,1,1
64,180,0,7000,7,16,5,6,0,59,0,0
59,85,0,35000,35,11,8,4,0,34,1,0
68,168,1,40000,40,18,7,1,0,43,1,0
68,130,1,15000,15,14,3,1,0,25,0,0
69,130,0,8000,8,13,2,1,0,43,0,0
69,190,0,25000,25,14,8,1,0,55,1,0
72,185,1,20000,20,12,1,7,0,23,1,0
75,214,1,28000,28,18,7,6,0,38,1,0
69,180,1,22000,22,14,1,4,7,35,1,1
71,150,1,15000,15,14,1,5,0,31,0,0
72,210,1,21500,21.5,13,7,7,7,24,1,1
68,160,0,3000,3,12,8,2,4,23,0,1
64,110,0,25000,25,12,8,1,2,22,1,1
72,190,1,23000,23,13,7,4,7,28,1,1
66,165,0,15000,15,18,8,4,0,41,0,0
72,197,1,18000,18,12,8,1,0,73,1,0
67,128,1,5000,5,8,8,7,0,20,0,0
67,156,1,20000,20,16,8,5,0,71,1,0
66,150,0,62000,62,14,8,1,1,59,1,1
72,164,1,62000,62,14,7,7,0,72,1,0
64,120,0,5000,5,13,8,1,0,69,0,0
63,110,0,16000,16,12,7,1,7,46,0,1
69,181,1,15000,15,12,7,4,3,26,0,1
63,118,0,53000,53,17,4,6,0,32,1,0
70,200,1,15000,15,17,8,1,0,56,0,0
72,162,1,26000,26,12,1,7,7,27,1,1
70,145,0,20000,20,12,3,3,0,33,1,0
65,110,0,4000,4,12,7,6,1,28,0,1
73,200,1,10000,10,16,8,7,1,59,0,1
75,220,1,25000,25,12,8,3,0,33,1,0
69,230,1,43000,43,12,2,1,0,51,1,0
69,180,1,17000,17,14,4,4,0,33,1,0
61,230,0,4000,4,12,5,5,3,38,0,1
71,185,1,87000,87,18,4,4,0,55,1,0
72,175,1,30000,30,13,8,7,5,23,1,1
65,135,0,25000,25,16,6,5,7,32,1,1
73,195,1,50000,50,15,8,2,7,48,1,1
64,123,0,25000,25,18,8,5,0,56,1,0
67,137,0,55000,55,18,8,7,3,51,1,1
63,145,0,28000,28,16,4,5,5,41,1,1
66,160,0,0,0,12,8,4,0,48,0,0
72,150,1,15000,15,7,8,1,0,69,0,0
64,135,0,5000,5,12,1,4,0,32,0,0
62,200,0,5000,5,14,1,1,2,48,0,1
65,130,0,18000,18,13,5,1,1,49,1,1
72,175,1,21000,21,15,8,7,0,62,1,0
59,180,0,15000,15,9,6,2,4,44,0,1
67,115,0,12000,12,12,8,1,1,33,0,1
65,164,0,33000,33,16,1,1,0,62,1,0
64,140,0,15000,15,16,1,1,0,81,0,0
72,175,1,50000,50,13,8,1,2,64,1,1
65,231,0,6000,6,9,4,1,0,74,0,0
64,140,0,16000,16,14,5,6,2,59,0,1
68,150,1,35000,35,12,4,6,2,50,1,1
68,260,0,25000,25,12,8,1,7,43,1,1
66,155,0,35000,35,17,8,2,1,41,1,1
76,210,1,20000,20,14,8,5,0,26,1,0
63,118,0,18000,18,12,7,5,3,36,1,1
74,225,1,34000,34,14,3,6,0,78,1,0
68,155,1,25000,25,16,7,7,0,25,1,0
61,110,0,15000,15,14,1,5,0,65,0,0
64,140,0,20000,20,16,2,1,0,54,1,0
72,200,1,20000,20,17,8,1,0,77,1,0
68,170,1,33000,33,12,7,7,0,69,1,0
71,150,1,20000,20,12,4,1,0,66,1,0
63,126,0,15000,15,12,8,1,0,76,0,0
65,158,0,4000,4,12,7,7,0,73,0,0
60,130,0,20000,20,8,2,1,0,77,1,0
72,200,1,40000,40,16,3,2,0,33,1,0
64,132,0,14000,14,14,7,4,3,40,0,1
68,170,0,12000,12,12,1,1,0,48,0,0
61,105,0,25000,25,12,1,2,0,31,1,0
63,136,0,10000,10,17,2,1,0,60,0,0
67,138,0,70000,70,10,8,1,0,72,1,0
67,140,0,38000,38,17,5,5,7,55,1,1
63,125,0,14000,14,12,5,7,5,28,0,1
71,164,1,62000,62,18,8,4,0,76,1,0
63,108,0,0,0,15,4,3,2,33,0,1
60,100,0,15000,15,13,1,7,0,37,0,0
74,215,1,17000,17,16,3,1,0,31,1,0
66,125,0,25000,25,15,7,6,0,24,1,0
69,158,1,60000,60,14,8,2,0,66,1,0
67,180,0,15000,15,15,6,1,2,69,0,1
65,145,1,25000,25,16,8,1,0,86,1,0
62,131,1,18000,18,12,8,1,0,63,1,0
65,145,1,0,0,12,1,1,0,55,0,0
64,140,0,45000,45,17,7,4,0,54,1,0
72,175,1,70000,70,18,7,4,0,47,1,0
65,130,0,30000,30,18,8,1,0,59,1,0
67,167,0,100000,100,15,1,1,0,72,1,0
62,145,0,8000,8,12,1,1,0,51,0,0
71,185,1,30000,30,16,4,6,0,34,1,0
62,115,0,0,0,11,6,1,7,26,0,1
71,192,1,27000,27,14,5,1,0,32,1,0
70,270,1,47000,47,18,8,7,1,43,1,1
67,135,1,12000,12,12,7,7,0,22,0,0
72,190,1,35000,35,16,4,2,0,70,1,0
62,130,0,24000,24,17,5,1,1,34,1,1
63,165,0,13000,13,12,7,1,0,35,0,0
61,102,0,80000,80,14,4,3,2,37,1,1
72,130,1,5000,5,12,7,5,3,18,0,1
65,110,0,0,0,12,8,6,7,28,0,1
63,153,0,25000,25,10,8,6,0,60,1,0
66,240,1,28000,28,12,4,3,2,44,1,1
64,125,0,8000,8,15,8,6,0,20,0,0
66,110,0,10000,10,13,8,6,1,51,0,1
68,155,0,9000,9,14,1,3,0,41,0,0
60,150,0,20000,20,12,8,1,0,37,1,0
65,200,1,12000,12,12,5,1,0,71,0,0
65,130,0,15000,15,14,6,1,0,66,0,0
61,110,0,20000,20,14,8,7,7,36,1,1
68,200,0,15000,15,16,5,2,0,55,0,0
64,134,0,28000,28,14,7,6,7,36,1,1
66,140,0,265,0.265,15,4,3,0,21,0,0
69,157,1,35000,35,14,7,1,0,74,1,0
66,165,0,26000,26,14,7,1,2,32,1,1
67,118,0,27000,27,17,4,1,4,34,1,1
68,180,0,14000,14,12,2,2,7,30,0,1
66,140,1,32000,32,16,2,3,2,33,1,1
69,112,0,10000,10,14,6,1,1,32,0,1
72,135,1,15000,15,12,6,1,0,26,0,0
69,190,1,7000,7,16,7,5,0,30,0,0
71,182,1,28000,28,17,3,4,0,46,1,0
74,250,1,60000,60,13,2,1,5,54,1,1
60,130,0,25000,25,14,8,1,0,69,1,0
69,170,1,12000,12,4,6,1,0,62,0,0
75,200,0,15000,15,13,5,1,0,75,0,0
65,125,0,40000,40,14,7,1,0,69,1,0
63,110,0,25000,25,16,6,1,0,75,1,0
72,135,1,15000,15,6,7,1,0,81,0,0
60,112,0,35000,35,12,1,7,7,36,1,1
72,225,1,15000,15,11,4,1,1,63,0,1
64,120,0,26000,26,15,3,2,3,32,1,1
59,100,0,0,0,12,1,1,0,43,0,0
71,170,1,0,0,12,7,7,0,20,0,0
72,165,1,26000,26,16,8,7,0,25,1,0
63,108,0,18720,18.72,10,8,1,7,36,1,1
68,155,0,0,0,12,8,6,7,22,0,1
62,148,0,5000,5,11,8,1,0,59,0,0
64,152,0,12000,12,12,2,1,0,73,0,0
70,210,1,80000,80,17,8,3,0,39,1,0
66,120,0,48000,48,13,8,6,0,39,1,0
63,125,0,5000,5,18,7,6,0,25,0,0
62,135,1,18000,18,16,8,1,2,27,1,1
70,150,1,85000,85,15,8,1,0,65,1,0
64,175,0,35000,35,12,1,5,2,47,1,1
69,150,1,5000,5,16,8,6,0,22,0,0
64,140,0,9000,9,13,2,4,0,22,0,0
67,125,0,30000,30,16,8,6,3,27,1,1
72,250,1,80000,80,14,8,1,0,58,1,0
65,124,0,35000,35,16,1,7,4,32,1,1
63,210,0,12000,12,14,4,1,1,34,0,1
70,190,1,200000,200,18,6,5,7,34,1,1
64,128,0,4000,4,16,6,7,0,45,0,0
68,165,1,2000,2,12,1,7,1,18,0,1
66,190,0,24000,24,18,3,1,0,69,1,0
66,165,1,2000,2,15,8,5,0,23,0,0
70,185,1,15000,15,17,8,4,0,30,0,0
70,225,1,15000,15,12,8,1,0,65,0,0
62,150,0,6000,6,12,1,1,0,65,0,0
66,150,1,5000,5,12,8,1,0,75,0,0
66,130,0,1500,1.5,12,5,7,7,21,0,1
64,130,0,28000,28,18,5,2,0,48,1,0
70,150,0,9000,9,12,8,3,0,35,0,0
74,175,1,60000,60,14,7,6,0,52,1,0
66,150,1,1200,1.2,12,4,1,0,19,0,0
62,185,0,1400,1.4,3,1,1,0,64,0,0
68,160,0,15000,15,16,8,7,0,26,0,0
66,180,0,7000,7,13,1,1,0,43,0,0
70,190,1,25000,25,12,7,1,1,72,1,1
62,130,0,21000,21,12,1,2,7,31,1,1
69,107,1,44000,44,12,1,6,0,58,1,0
68,164,1,29000,29,16,8,7,0,36,1,0
72,165,1,3000,3,14,8,1,4,18,0,1
64,140,1,12000,12,13,2,7,0,22,0,0
64,110,0,0,0,16,1,1,7,19,0,1
60,200,0,0,0,9,1,1,0,39,0,0
72,195,1,20000,20,12,8,4,0,28,1,0
62,146,0,1200,1.2,5,8,4,0,73,0,0
64,104,0,25000,25,12,7,1,1,30,1,1
74,215,1,37000,37,16,2,7,3,25,1,1
66,150,1,8000,8,10,7,1,3,60,0,1
68,135,1,35000,35,16,8,4,3,30,1,1
67,145,1,25000,25,14,7,7,0,23,1,0
62,110,1,25000,25,14,6,3,0,37,1,0
71,160,0,18000,18,10,5,7,7,29,1,1
63,130,0,30000,30,16,8,2,4,36,1,1
66,133,1,5000,5,14,8,7,3,27,0,1
69,165,1,20000,20,18,8,6,0,69,1,0
71,160,1,12000,12,6,1,2,0,40,0,0
64,180,0,0,0,12,1,7,0,65,0,0
66,125,0,10000,10,12,6,1,0,68,0,0
72,195,1,18000,18,14,8,1,2,48,1,1
62,115,0,0,0,15,8,1,0,59,0,0
65,130,0,15000,15,12,7,7,7,20,0,1
72,181,1,20000,20,12,1,1,0,26,1,0
68,150,0,31000,31,16,8,7,1,43,1,1
70,160,1,25000,25,12,4,2,0,56,1,0
64,150,1,6000,6,10,1,6,0,36,0,0
64,140,0,0,0,12,8,7,0,38,0,0
68,182,1,35000,35,12,1,1,2,70,1,1
70,150,1,12000,12,13,1,1,0,40,0,0
66,155,0,13000,13,16,3,5,0,33,0,0
67,210,0,26000,26,17,2,1,0,34,1,0
68,130,0,15000,15,11,2,2,7,31,0,1
64,140,0,30000,30,17,4,6,0,28,1,0
65,122,0,2000,2,14,8,7,0,41,0,0
70,150,1,5000,5,13,4,2,3,22,0,1
71,150,0,53000,53,14,1,1,1,26,1,1
64,127,0,0,0,12,8,7,3,36,0,1
62,102,0,2000,2,13,1,1,7,18,0,1
71,155,1,25000,25,17,2,7,1,29,1,1
74,185,1,5000,5,12,8,7,0,18,0,0
64,105,0,21000,21,13,4,1,1,27,1,1
70,130,0,17000,17,15,7,6,1,27,1,1
73,155,1,5000,5,16,7,7,0,22,0,0
64,135,0,12000,12,13,5,2,2,37,0,1
70,230,1,42000,42,14,4,1,0,44,1,0
74,205,1,21000,21,12,1,7,4,33,1,1
63,170,0,6000,6,12,8,1,0,65,0,0
59,107,0,0,0,12,2,1,5,46,0,1
74,190,1,25000,25,14,1,5,0,24,1,0
66,119,0,3000,3,14,6,3,0,19,0,0
65,150,0,3600,3.6,15,7,1,0,67,0,0
71,155,1,4000,4,12,8,7,4,19,0,1
69,160,1,20000,20,14,8,5,0,58,1,0
72,160,1,45000,45,18,1,4,0,38,1,0
70,165,1,136500,136.5,16,6,4,0,51,1,0
60,220,1,52000,52,15,4,2,0,50,1,0
64,130,0,60000,60,12,4,2,1,43,1,1
64,122,0,15000,15,13,5,4,7,41,0,1
72,190,1,90000,90,16,8,7,0,50,1,0
63,160,0,35000,35,12,8,1,2,38,1,1
72,156,1,25000,25,13,1,6,3,19,1,1
66,185,1,15000,15,12,1,1,1,76,0,1
61,180,0,26000,26,14,7,1,2,65,1,1
62,150,0,0,0,13,5,1,7,32,0,1
69,140,1,2000,2,12,8,7,0,21,0,0
67,145,0,16000,16,12,8,1,0,61,0,0
65,130,0,24000,24,11,1,1,4,27,1,1
68,172,1,15000,15,16,4,5,0,28,0,0
74,170,1,42000,42,17,8,3,0,43,1,0
63,150,0,0,0,15,8,7,0,48,0,0
65,135,0,10000,10,12,1,5,7,43,0,1
71,220,1,17000,17,13,7,6,0,36,1,0
65,120,0,0,0,16,5,3,2,22,0,1
69,160,0,32000,32,17,2,1,0,37,1,0
64,135,0,36000,36,17,2,7,0,34,1,0
72,190,1,10000,10,13,8,7,0,20,0,0
63,130,0,20000,20,15,8,5,5,29,1,1
65,110,0,24000,24,12,7,2,1,29,1,1
72,180,1,17000,17,12,8,1,2,32,1,1
65,137,0,23000,23,14,5,3,0,48,1,0
64,125,0,25000,25,12,4,2,2,33,1,1
71,200,1,50000,50,12,4,2,0,50,1,0
63,145,0,0,0,14,8,7,2,39,0,1
62,120,0,20000,20,12,1,2,7,30,1,1
66,145,0,30000,30,16,2,7,0,33,1,0
64,190,0,7000,7,10,2,1,0,39,0,0
67,120,1,7000,7,10,7,3,0,78,0,0
68,185,1,30000,30,11,6,7,2,32,1,1
66,130,0,3000,3,12,1,6,0,24,0,0
66,145,0,20000,20,14,8,1,0,43,1,0
66,139,0,40000,40,16,7,1,0,59,1,0
67,150,1,10000,10,12,7,1,0,77,0,0
66,240,1,16000,16,12,8,7,0,37,0,0
63,225,0,11000,11,9,3,1,2,51,0,1
68,175,0,16000,16,13,2,1,3,43,0,1
70,185,1,18000,18,12,4,5,0,27,1,0
63,115,0,12000,12,16,8,7,0,26,0,0
70,170,1,4000,4,14,7,5,7,21,0,1
72,195,1,60000,60,12,1,1,1,45,1,1
75,180,1,43000,43,17,8,7,0,40,1,0
62,180,0,31000,31,14,8,1,2,39,1,1
68,150,0,50000,50,17,7,4,2,39,1,1
68,165,0,27000,27,14,7,1,0,29,1,0
70,158,1,30000,30,17,8,1,0,56,1,0
73,195,1,12000,12,13,8,7,1,21,0,1
66,160,1,136500,136.5,18,8,7,0,49,1,0
69,124,0,0,0,16,1,4,4,39,0,1
62,140,0,20000,20,17,7,1,2,30,1,1
60,120,0,15000,15,12,1,1,0,76,0,0
64,150,0,25000,25,16,4,1,0,37,1,0
68,190,1,5000,5,12,1,1,4,21,0,1
60,125,0,2000,2,6,8,1,0,67,0,0
60,140,0,5000,5,14,8,7,0,68,0,0
73,170,1,3000,3,15,8,6,1,20,0,1
64,138,0,25000,25,16,2,2,1,40,1,1
66,130,0,110000,110,18,8,1,1,48,1,1
69,155,1,55000,55,18,4,1,0,71,1,0
70,170,1,58000,58,18,8,1,1,53,1,1
70,165,0,10000,10,16,1,6,6,36,0,1
72,165,1,19000,19,12,8,2,0,29,1,0
61,120,0,15000,15,18,6,1,0,82,0,0
64,130,0,8000,8,12,1,1,7,33,0,1
72,194,1,60000,60,12,2,1,0,50,1,0
63,155,0,15000,15,14,6,1,2,69,0,1
68,150,1,6000,6,12,1,6,2,27,0,1
